,Category of dataset,dataset,relation2,Configuration_Num,y_true,y_pred,Sc1,Sc2,execution_time,F1_score,recall,precision
121,Wikidata,musicians_viewunion,Musicians_viewunion,1.0,"[1, 1, 1, 0, 1, 1, 0, 0, 0, 0, 0, 1, 0]","[0, 1, 0, 0, 1, 1, 1, 1, 0, 1, 0, 1, 0]","['musician', 'birthDate', 'familyNameLabel', 'givenNameLabel', 'numberOfChildren', 'websiteLabel', 'residenceLabel', 'ethnicityLabel', 'religionLabel', 'activityStart', 'twitterNameLabel', 'geniusNameLabel', 'recordLabelLabel']","['musicianID', 'birthDate', 'familyName', 'city', 'webpage', 'forename', 'musicianName', 'spouse', 'fatherName', 'kind', 'motherName', 'NChildren', 'genderType']",0 days 00:00:52.766266,0.62,0.67,0.57
788,Wikidata,musicians_viewunion,Musicians_viewunion,2.0,"[1, 1, 1, 0, 1, 1, 0, 0, 0, 0, 0, 1, 0]","[0, 1, 1, 0, 1, 0, 1, 1, 0, 1, 0, 1, 0]","['musician', 'birthDate', 'familyNameLabel', 'givenNameLabel', 'numberOfChildren', 'websiteLabel', 'residenceLabel', 'ethnicityLabel', 'religionLabel', 'activityStart', 'twitterNameLabel', 'geniusNameLabel', 'recordLabelLabel']","['musicianID', 'birthDate', 'familyName', 'city', 'webpage', 'forename', 'musicianName', 'spouse', 'fatherName', 'kind', 'motherName', 'NChildren', 'genderType']",0 days 00:00:42.419516,0.62,0.67,0.57
1158,Wikidata,musicians_viewunion,Musicians_viewunion,3.0,"[1, 1, 1, 0, 1, 1, 0, 0, 0, 0, 0, 1, 0]","[0, 1, 0, 0, 1, 1, 0, 1, 0, 1, 0, 1, 0]","['musician', 'birthDate', 'familyNameLabel', 'givenNameLabel', 'numberOfChildren', 'websiteLabel', 'residenceLabel', 'ethnicityLabel', 'religionLabel', 'activityStart', 'twitterNameLabel', 'geniusNameLabel', 'recordLabelLabel']","['musicianID', 'birthDate', 'familyName', 'city', 'webpage', 'forename', 'musicianName', 'spouse', 'fatherName', 'kind', 'motherName', 'NChildren', 'genderType']",0 days 00:00:53.217597,0.67,0.67,0.67
1563,Wikidata,musicians_viewunion,Musicians_viewunion,4.0,"[1, 1, 1, 0, 1, 1, 0, 0, 0, 0, 0, 1, 0]","[0, 1, 1, 0, 1, 0, 0, 1, 0, 1, 0, 1, 0]","['musician', 'birthDate', 'familyNameLabel', 'givenNameLabel', 'numberOfChildren', 'websiteLabel', 'residenceLabel', 'ethnicityLabel', 'religionLabel', 'activityStart', 'twitterNameLabel', 'geniusNameLabel', 'recordLabelLabel']","['musicianID', 'birthDate', 'familyName', 'city', 'webpage', 'forename', 'musicianName', 'spouse', 'fatherName', 'kind', 'motherName', 'NChildren', 'genderType']",0 days 00:00:42.610553,0.67,0.67,0.67
1973,Wikidata,musicians_viewunion,Musicians_viewunion,5.0,"[1, 1, 1, 0, 1, 1, 0, 0, 0, 0, 0, 1, 0]","[0, 1, 0, 0, 1, 1, 0, 1, 0, 1, 0, 1, 0]","['musician', 'birthDate', 'familyNameLabel', 'givenNameLabel', 'numberOfChildren', 'websiteLabel', 'residenceLabel', 'ethnicityLabel', 'religionLabel', 'activityStart', 'twitterNameLabel', 'geniusNameLabel', 'recordLabelLabel']","['musicianID', 'birthDate', 'familyName', 'city', 'webpage', 'forename', 'musicianName', 'spouse', 'fatherName', 'kind', 'motherName', 'NChildren', 'genderType']",0 days 00:00:42.098503,0.67,0.67,0.67
2505,Wikidata,musicians_viewunion,Musicians_viewunion,6.0,"[1, 1, 1, 0, 1, 1, 0, 0, 0, 0, 0, 1, 0]","[0, 1, 1, 0, 1, 0, 0, 1, 0, 1, 0, 1, 0]","['musician', 'birthDate', 'familyNameLabel', 'givenNameLabel', 'numberOfChildren', 'websiteLabel', 'residenceLabel', 'ethnicityLabel', 'religionLabel', 'activityStart', 'twitterNameLabel', 'geniusNameLabel', 'recordLabelLabel']","['musicianID', 'birthDate', 'familyName', 'city', 'webpage', 'forename', 'musicianName', 'spouse', 'fatherName', 'kind', 'motherName', 'NChildren', 'genderType']",0 days 00:00:44.093731,0.67,0.67,0.67
3003,Wikidata,musicians_viewunion,Musicians_viewunion,7.0,"[1, 1, 1, 0, 1, 1, 0, 0, 0, 0, 0, 1, 0]","[0, 1, 0, 0, 1, 1, 0, 1, 0, 1, 0, 1, 0]","['musician', 'birthDate', 'familyNameLabel', 'givenNameLabel', 'numberOfChildren', 'websiteLabel', 'residenceLabel', 'ethnicityLabel', 'religionLabel', 'activityStart', 'twitterNameLabel', 'geniusNameLabel', 'recordLabelLabel']","['musicianID', 'birthDate', 'familyName', 'city', 'webpage', 'forename', 'musicianName', 'spouse', 'fatherName', 'kind', 'motherName', 'NChildren', 'genderType']",0 days 00:00:42.359192,0.67,0.67,0.67
3169,Wikidata,musicians_viewunion,Musicians_viewunion,8.0,"[1, 1, 1, 0, 1, 1, 0, 0, 0, 0, 0, 1, 0]","[0, 1, 1, 0, 1, 0, 0, 1, 0, 1, 0, 1, 0]","['musician', 'birthDate', 'familyNameLabel', 'givenNameLabel', 'numberOfChildren', 'websiteLabel', 'residenceLabel', 'ethnicityLabel', 'religionLabel', 'activityStart', 'twitterNameLabel', 'geniusNameLabel', 'recordLabelLabel']","['musicianID', 'birthDate', 'familyName', 'city', 'webpage', 'forename', 'musicianName', 'spouse', 'fatherName', 'kind', 'motherName', 'NChildren', 'genderType']",0 days 00:00:42.614051,0.67,0.67,0.67
3832,Wikidata,musicians_viewunion,Musicians_viewunion,9.0,"[1, 1, 1, 0, 1, 1, 0, 0, 0, 0, 0, 1, 0]","[0, 1, 0, 0, 1, 1, 0, 1, 0, 1, 0, 1, 0]","['musician', 'birthDate', 'familyNameLabel', 'givenNameLabel', 'numberOfChildren', 'websiteLabel', 'residenceLabel', 'ethnicityLabel', 'religionLabel', 'activityStart', 'twitterNameLabel', 'geniusNameLabel', 'recordLabelLabel']","['musicianID', 'birthDate', 'familyName', 'city', 'webpage', 'forename', 'musicianName', 'spouse', 'fatherName', 'kind', 'motherName', 'NChildren', 'genderType']",0 days 00:01:01.406738,0.67,0.67,0.67
4206,Wikidata,musicians_viewunion,Musicians_viewunion,10.0,"[1, 1, 1, 0, 1, 1, 0, 0, 0, 0, 0, 1, 0]","[0, 1, 1, 0, 1, 0, 1, 1, 0, 1, 0, 1, 0]","['musician', 'birthDate', 'familyNameLabel', 'givenNameLabel', 'numberOfChildren', 'websiteLabel', 'residenceLabel', 'ethnicityLabel', 'religionLabel', 'activityStart', 'twitterNameLabel', 'geniusNameLabel', 'recordLabelLabel']","['musicianID', 'birthDate', 'familyName', 'city', 'webpage', 'forename', 'musicianName', 'spouse', 'fatherName', 'kind', 'motherName', 'NChildren', 'genderType']",0 days 00:00:53.367382,0.62,0.67,0.57
4604,Wikidata,musicians_viewunion,Musicians_viewunion,11.0,"[1, 1, 1, 0, 1, 1, 0, 0, 0, 0, 0, 1, 0]","[0, 1, 0, 0, 1, 1, 0, 1, 0, 1, 0, 1, 0]","['musician', 'birthDate', 'familyNameLabel', 'givenNameLabel', 'numberOfChildren', 'websiteLabel', 'residenceLabel', 'ethnicityLabel', 'religionLabel', 'activityStart', 'twitterNameLabel', 'geniusNameLabel', 'recordLabelLabel']","['musicianID', 'birthDate', 'familyName', 'city', 'webpage', 'forename', 'musicianName', 'spouse', 'fatherName', 'kind', 'motherName', 'NChildren', 'genderType']",0 days 00:01:06.537933,0.67,0.67,0.67
5211,Wikidata,musicians_viewunion,Musicians_viewunion,12.0,"[1, 1, 1, 0, 1, 1, 0, 0, 0, 0, 0, 1, 0]","[0, 1, 1, 0, 1, 0, 0, 1, 0, 1, 0, 1, 0]","['musician', 'birthDate', 'familyNameLabel', 'givenNameLabel', 'numberOfChildren', 'websiteLabel', 'residenceLabel', 'ethnicityLabel', 'religionLabel', 'activityStart', 'twitterNameLabel', 'geniusNameLabel', 'recordLabelLabel']","['musicianID', 'birthDate', 'familyName', 'city', 'webpage', 'forename', 'musicianName', 'spouse', 'fatherName', 'kind', 'motherName', 'NChildren', 'genderType']",0 days 00:00:53.086559,0.67,0.67,0.67
5388,Wikidata,musicians_viewunion,Musicians_viewunion,13.0,"[1, 1, 1, 0, 1, 1, 0, 0, 0, 0, 0, 1, 0]","[0, 1, 0, 0, 1, 1, 0, 1, 0, 1, 0, 1, 0]","['musician', 'birthDate', 'familyNameLabel', 'givenNameLabel', 'numberOfChildren', 'websiteLabel', 'residenceLabel', 'ethnicityLabel', 'religionLabel', 'activityStart', 'twitterNameLabel', 'geniusNameLabel', 'recordLabelLabel']","['musicianID', 'birthDate', 'familyName', 'city', 'webpage', 'forename', 'musicianName', 'spouse', 'fatherName', 'kind', 'motherName', 'NChildren', 'genderType']",0 days 00:00:54.089042,0.67,0.67,0.67
6060,Wikidata,musicians_viewunion,Musicians_viewunion,14.0,"[1, 1, 1, 0, 1, 1, 0, 0, 0, 0, 0, 1, 0]","[0, 1, 1, 0, 1, 0, 0, 1, 0, 1, 0, 1, 0]","['musician', 'birthDate', 'familyNameLabel', 'givenNameLabel', 'numberOfChildren', 'websiteLabel', 'residenceLabel', 'ethnicityLabel', 'religionLabel', 'activityStart', 'twitterNameLabel', 'geniusNameLabel', 'recordLabelLabel']","['musicianID', 'birthDate', 'familyName', 'city', 'webpage', 'forename', 'musicianName', 'spouse', 'fatherName', 'kind', 'motherName', 'NChildren', 'genderType']",0 days 00:00:53.086259,0.67,0.67,0.67
6327,Wikidata,musicians_viewunion,Musicians_viewunion,15.0,"[1, 1, 1, 0, 1, 1, 0, 0, 0, 0, 0, 1, 0]","[0, 1, 0, 0, 1, 1, 0, 1, 0, 1, 0, 1, 0]","['musician', 'birthDate', 'familyNameLabel', 'givenNameLabel', 'numberOfChildren', 'websiteLabel', 'residenceLabel', 'ethnicityLabel', 'religionLabel', 'activityStart', 'twitterNameLabel', 'geniusNameLabel', 'recordLabelLabel']","['musicianID', 'birthDate', 'familyName', 'city', 'webpage', 'forename', 'musicianName', 'spouse', 'fatherName', 'kind', 'motherName', 'NChildren', 'genderType']",0 days 00:00:53.043270,0.67,0.67,0.67
6704,Wikidata,musicians_viewunion,Musicians_viewunion,16.0,"[1, 1, 1, 0, 1, 1, 0, 0, 0, 0, 0, 1, 0]","[0, 1, 1, 0, 1, 0, 0, 1, 0, 1, 0, 1, 0]","['musician', 'birthDate', 'familyNameLabel', 'givenNameLabel', 'numberOfChildren', 'websiteLabel', 'residenceLabel', 'ethnicityLabel', 'religionLabel', 'activityStart', 'twitterNameLabel', 'geniusNameLabel', 'recordLabelLabel']","['musicianID', 'birthDate', 'familyName', 'city', 'webpage', 'forename', 'musicianName', 'spouse', 'fatherName', 'kind', 'motherName', 'NChildren', 'genderType']",0 days 00:00:56.750471,0.67,0.67,0.67
7064,Wikidata,musicians_viewunion,Musicians_viewunion,17.0,"[1, 1, 1, 0, 1, 1, 0, 0, 0, 0, 0, 1, 0]","[0, 1, 0, 0, 1, 1, 1, 1, 0, 1, 0, 1, 0]","['musician', 'birthDate', 'familyNameLabel', 'givenNameLabel', 'numberOfChildren', 'websiteLabel', 'residenceLabel', 'ethnicityLabel', 'religionLabel', 'activityStart', 'twitterNameLabel', 'geniusNameLabel', 'recordLabelLabel']","['musicianID', 'birthDate', 'familyName', 'city', 'webpage', 'forename', 'musicianName', 'spouse', 'fatherName', 'kind', 'motherName', 'NChildren', 'genderType']",0 days 00:00:51.751097,0.62,0.67,0.57
7758,Wikidata,musicians_viewunion,Musicians_viewunion,18.0,"[1, 1, 1, 0, 1, 1, 0, 0, 0, 0, 0, 1, 0]","[0, 1, 1, 0, 1, 0, 1, 1, 0, 1, 0, 1, 0]","['musician', 'birthDate', 'familyNameLabel', 'givenNameLabel', 'numberOfChildren', 'websiteLabel', 'residenceLabel', 'ethnicityLabel', 'religionLabel', 'activityStart', 'twitterNameLabel', 'geniusNameLabel', 'recordLabelLabel']","['musicianID', 'birthDate', 'familyName', 'city', 'webpage', 'forename', 'musicianName', 'spouse', 'fatherName', 'kind', 'motherName', 'NChildren', 'genderType']",0 days 00:00:51.556473,0.62,0.67,0.57
7874,Wikidata,musicians_viewunion,Musicians_viewunion,19.0,"[1, 1, 1, 0, 1, 1, 0, 0, 0, 0, 0, 1, 0]","[0, 1, 0, 0, 1, 1, 0, 1, 0, 1, 0, 1, 0]","['musician', 'birthDate', 'familyNameLabel', 'givenNameLabel', 'numberOfChildren', 'websiteLabel', 'residenceLabel', 'ethnicityLabel', 'religionLabel', 'activityStart', 'twitterNameLabel', 'geniusNameLabel', 'recordLabelLabel']","['musicianID', 'birthDate', 'familyName', 'city', 'webpage', 'forename', 'musicianName', 'spouse', 'fatherName', 'kind', 'motherName', 'NChildren', 'genderType']",0 days 00:00:53.732372,0.67,0.67,0.67
8559,Wikidata,musicians_viewunion,Musicians_viewunion,20.0,"[1, 1, 1, 0, 1, 1, 0, 0, 0, 0, 0, 1, 0]","[0, 1, 1, 0, 1, 0, 0, 1, 0, 1, 0, 1, 0]","['musician', 'birthDate', 'familyNameLabel', 'givenNameLabel', 'numberOfChildren', 'websiteLabel', 'residenceLabel', 'ethnicityLabel', 'religionLabel', 'activityStart', 'twitterNameLabel', 'geniusNameLabel', 'recordLabelLabel']","['musicianID', 'birthDate', 'familyName', 'city', 'webpage', 'forename', 'musicianName', 'spouse', 'fatherName', 'kind', 'motherName', 'NChildren', 'genderType']",0 days 00:01:03.966794,0.67,0.67,0.67
8914,Wikidata,musicians_viewunion,Musicians_viewunion,21.0,"[1, 1, 1, 0, 1, 1, 0, 0, 0, 0, 0, 1, 0]","[0, 1, 0, 0, 1, 1, 0, 1, 0, 1, 0, 1, 0]","['musician', 'birthDate', 'familyNameLabel', 'givenNameLabel', 'numberOfChildren', 'websiteLabel', 'residenceLabel', 'ethnicityLabel', 'religionLabel', 'activityStart', 'twitterNameLabel', 'geniusNameLabel', 'recordLabelLabel']","['musicianID', 'birthDate', 'familyName', 'city', 'webpage', 'forename', 'musicianName', 'spouse', 'fatherName', 'kind', 'motherName', 'NChildren', 'genderType']",0 days 00:00:51.532070,0.67,0.67,0.67
9292,Wikidata,musicians_viewunion,Musicians_viewunion,22.0,"[1, 1, 1, 0, 1, 1, 0, 0, 0, 0, 0, 1, 0]","[0, 1, 1, 0, 1, 0, 0, 1, 0, 1, 0, 1, 0]","['musician', 'birthDate', 'familyNameLabel', 'givenNameLabel', 'numberOfChildren', 'websiteLabel', 'residenceLabel', 'ethnicityLabel', 'religionLabel', 'activityStart', 'twitterNameLabel', 'geniusNameLabel', 'recordLabelLabel']","['musicianID', 'birthDate', 'familyName', 'city', 'webpage', 'forename', 'musicianName', 'spouse', 'fatherName', 'kind', 'motherName', 'NChildren', 'genderType']",0 days 00:01:12.509062,0.67,0.67,0.67
9890,Wikidata,musicians_viewunion,Musicians_viewunion,23.0,"[1, 1, 1, 0, 1, 1, 0, 0, 0, 0, 0, 1, 0]","[0, 1, 0, 0, 1, 1, 0, 1, 0, 1, 0, 1, 0]","['musician', 'birthDate', 'familyNameLabel', 'givenNameLabel', 'numberOfChildren', 'websiteLabel', 'residenceLabel', 'ethnicityLabel', 'religionLabel', 'activityStart', 'twitterNameLabel', 'geniusNameLabel', 'recordLabelLabel']","['musicianID', 'birthDate', 'familyName', 'city', 'webpage', 'forename', 'musicianName', 'spouse', 'fatherName', 'kind', 'motherName', 'NChildren', 'genderType']",0 days 00:00:51.692298,0.67,0.67,0.67
10286,Wikidata,musicians_viewunion,Musicians_viewunion,24.0,"[1, 1, 1, 0, 1, 1, 0, 0, 0, 0, 0, 1, 0]","[0, 1, 1, 0, 1, 0, 0, 1, 0, 1, 0, 1, 0]","['musician', 'birthDate', 'familyNameLabel', 'givenNameLabel', 'numberOfChildren', 'websiteLabel', 'residenceLabel', 'ethnicityLabel', 'religionLabel', 'activityStart', 'twitterNameLabel', 'geniusNameLabel', 'recordLabelLabel']","['musicianID', 'birthDate', 'familyName', 'city', 'webpage', 'forename', 'musicianName', 'spouse', 'fatherName', 'kind', 'motherName', 'NChildren', 'genderType']",0 days 00:00:52.082136,0.67,0.67,0.67
10506,Wikidata,musicians_viewunion,Musicians_viewunion,25.0,"[1, 1, 1, 0, 1, 1, 0, 0, 0, 0, 0, 1, 0]","[0, 1, 0, 0, 1, 1, 0, 1, 0, 1, 0, 1, 0]","['musician', 'birthDate', 'familyNameLabel', 'givenNameLabel', 'numberOfChildren', 'websiteLabel', 'residenceLabel', 'ethnicityLabel', 'religionLabel', 'activityStart', 'twitterNameLabel', 'geniusNameLabel', 'recordLabelLabel']","['musicianID', 'birthDate', 'familyName', 'city', 'webpage', 'forename', 'musicianName', 'spouse', 'fatherName', 'kind', 'motherName', 'NChildren', 'genderType']",0 days 00:01:07.180927,0.67,0.67,0.67
11171,Wikidata,musicians_viewunion,Musicians_viewunion,26.0,"[1, 1, 1, 0, 1, 1, 0, 0, 0, 0, 0, 1, 0]","[0, 1, 1, 0, 1, 0, 0, 1, 0, 1, 0, 1, 0]","['musician', 'birthDate', 'familyNameLabel', 'givenNameLabel', 'numberOfChildren', 'websiteLabel', 'residenceLabel', 'ethnicityLabel', 'religionLabel', 'activityStart', 'twitterNameLabel', 'geniusNameLabel', 'recordLabelLabel']","['musicianID', 'birthDate', 'familyName', 'city', 'webpage', 'forename', 'musicianName', 'spouse', 'fatherName', 'kind', 'motherName', 'NChildren', 'genderType']",0 days 00:01:06.642709,0.67,0.67,0.67
11636,Wikidata,musicians_viewunion,Musicians_viewunion,27.0,"[1, 1, 1, 0, 1, 1, 0, 0, 0, 0, 0, 1, 0]","[0, 1, 0, 0, 1, 1, 0, 1, 0, 1, 0, 1, 0]","['musician', 'birthDate', 'familyNameLabel', 'givenNameLabel', 'numberOfChildren', 'websiteLabel', 'residenceLabel', 'ethnicityLabel', 'religionLabel', 'activityStart', 'twitterNameLabel', 'geniusNameLabel', 'recordLabelLabel']","['musicianID', 'birthDate', 'familyName', 'city', 'webpage', 'forename', 'musicianName', 'spouse', 'fatherName', 'kind', 'motherName', 'NChildren', 'genderType']",0 days 00:01:08.377374,0.67,0.67,0.67
11887,Wikidata,musicians_viewunion,Musicians_viewunion,28.0,"[1, 1, 1, 0, 1, 1, 0, 0, 0, 0, 0, 1, 0]","[0, 1, 1, 0, 1, 0, 0, 1, 0, 1, 0, 1, 0]","['musician', 'birthDate', 'familyNameLabel', 'givenNameLabel', 'numberOfChildren', 'websiteLabel', 'residenceLabel', 'ethnicityLabel', 'religionLabel', 'activityStart', 'twitterNameLabel', 'geniusNameLabel', 'recordLabelLabel']","['musicianID', 'birthDate', 'familyName', 'city', 'webpage', 'forename', 'musicianName', 'spouse', 'fatherName', 'kind', 'motherName', 'NChildren', 'genderType']",0 days 00:01:06.971778,0.67,0.67,0.67
12294,Wikidata,musicians_viewunion,Musicians_viewunion,29.0,"[1, 1, 1, 0, 1, 1, 0, 0, 0, 0, 0, 1, 0]","[0, 1, 0, 0, 1, 1, 0, 1, 0, 1, 0, 1, 0]","['musician', 'birthDate', 'familyNameLabel', 'givenNameLabel', 'numberOfChildren', 'websiteLabel', 'residenceLabel', 'ethnicityLabel', 'religionLabel', 'activityStart', 'twitterNameLabel', 'geniusNameLabel', 'recordLabelLabel']","['musicianID', 'birthDate', 'familyName', 'city', 'webpage', 'forename', 'musicianName', 'spouse', 'fatherName', 'kind', 'motherName', 'NChildren', 'genderType']",0 days 00:01:07.641970,0.67,0.67,0.67
12965,Wikidata,musicians_viewunion,Musicians_viewunion,30.0,"[1, 1, 1, 0, 1, 1, 0, 0, 0, 0, 0, 1, 0]","[0, 1, 1, 0, 1, 0, 0, 1, 0, 1, 0, 1, 0]","['musician', 'birthDate', 'familyNameLabel', 'givenNameLabel', 'numberOfChildren', 'websiteLabel', 'residenceLabel', 'ethnicityLabel', 'religionLabel', 'activityStart', 'twitterNameLabel', 'geniusNameLabel', 'recordLabelLabel']","['musicianID', 'birthDate', 'familyName', 'city', 'webpage', 'forename', 'musicianName', 'spouse', 'fatherName', 'kind', 'motherName', 'NChildren', 'genderType']",0 days 00:01:07.163106,0.67,0.67,0.67
13174,Wikidata,musicians_viewunion,Musicians_viewunion,31.0,"[1, 1, 1, 0, 1, 1, 0, 0, 0, 0, 0, 1, 0]","[0, 1, 0, 0, 1, 1, 0, 1, 0, 1, 0, 1, 0]","['musician', 'birthDate', 'familyNameLabel', 'givenNameLabel', 'numberOfChildren', 'websiteLabel', 'residenceLabel', 'ethnicityLabel', 'religionLabel', 'activityStart', 'twitterNameLabel', 'geniusNameLabel', 'recordLabelLabel']","['musicianID', 'birthDate', 'familyName', 'city', 'webpage', 'forename', 'musicianName', 'spouse', 'fatherName', 'kind', 'motherName', 'NChildren', 'genderType']",0 days 00:01:25.636658,0.67,0.67,0.67
13648,Wikidata,musicians_viewunion,Musicians_viewunion,32.0,"[1, 1, 1, 0, 1, 1, 0, 0, 0, 0, 0, 1, 0]","[0, 1, 1, 0, 1, 0, 0, 1, 0, 1, 0, 1, 0]","['musician', 'birthDate', 'familyNameLabel', 'givenNameLabel', 'numberOfChildren', 'websiteLabel', 'residenceLabel', 'ethnicityLabel', 'religionLabel', 'activityStart', 'twitterNameLabel', 'geniusNameLabel', 'recordLabelLabel']","['musicianID', 'birthDate', 'familyName', 'city', 'webpage', 'forename', 'musicianName', 'spouse', 'fatherName', 'kind', 'motherName', 'NChildren', 'genderType']",0 days 00:01:07.566155,0.67,0.67,0.67
14281,Wikidata,musicians_viewunion,Musicians_viewunion,33.0,"[1, 1, 1, 0, 1, 1, 0, 0, 0, 0, 0, 1, 0]","[0, 1, 0, 0, 1, 1, 1, 1, 0, 1, 0, 1, 0]","['musician', 'birthDate', 'familyNameLabel', 'givenNameLabel', 'numberOfChildren', 'websiteLabel', 'residenceLabel', 'ethnicityLabel', 'religionLabel', 'activityStart', 'twitterNameLabel', 'geniusNameLabel', 'recordLabelLabel']","['musicianID', 'birthDate', 'familyName', 'city', 'webpage', 'forename', 'musicianName', 'spouse', 'fatherName', 'kind', 'motherName', 'NChildren', 'genderType']",0 days 00:00:42.372254,0.62,0.67,0.57
14345,Wikidata,musicians_viewunion,Musicians_viewunion,34.0,"[1, 1, 1, 0, 1, 1, 0, 0, 0, 0, 0, 1, 0]","[0, 1, 1, 0, 1, 0, 1, 1, 0, 1, 0, 1, 0]","['musician', 'birthDate', 'familyNameLabel', 'givenNameLabel', 'numberOfChildren', 'websiteLabel', 'residenceLabel', 'ethnicityLabel', 'religionLabel', 'activityStart', 'twitterNameLabel', 'geniusNameLabel', 'recordLabelLabel']","['musicianID', 'birthDate', 'familyName', 'city', 'webpage', 'forename', 'musicianName', 'spouse', 'fatherName', 'kind', 'motherName', 'NChildren', 'genderType']",0 days 00:00:42.305777,0.62,0.67,0.57
14990,Wikidata,musicians_viewunion,Musicians_viewunion,35.0,"[1, 1, 1, 0, 1, 1, 0, 0, 0, 0, 0, 1, 0]","[0, 1, 0, 0, 1, 1, 0, 1, 0, 1, 0, 1, 0]","['musician', 'birthDate', 'familyNameLabel', 'givenNameLabel', 'numberOfChildren', 'websiteLabel', 'residenceLabel', 'ethnicityLabel', 'religionLabel', 'activityStart', 'twitterNameLabel', 'geniusNameLabel', 'recordLabelLabel']","['musicianID', 'birthDate', 'familyName', 'city', 'webpage', 'forename', 'musicianName', 'spouse', 'fatherName', 'kind', 'motherName', 'NChildren', 'genderType']",0 days 00:00:42.337709,0.67,0.67,0.67
15581,Wikidata,musicians_viewunion,Musicians_viewunion,36.0,"[1, 1, 1, 0, 1, 1, 0, 0, 0, 0, 0, 1, 0]","[0, 1, 1, 0, 1, 0, 0, 1, 0, 1, 0, 1, 0]","['musician', 'birthDate', 'familyNameLabel', 'givenNameLabel', 'numberOfChildren', 'websiteLabel', 'residenceLabel', 'ethnicityLabel', 'religionLabel', 'activityStart', 'twitterNameLabel', 'geniusNameLabel', 'recordLabelLabel']","['musicianID', 'birthDate', 'familyName', 'city', 'webpage', 'forename', 'musicianName', 'spouse', 'fatherName', 'kind', 'motherName', 'NChildren', 'genderType']",0 days 00:00:42.217049,0.67,0.67,0.67
16066,Wikidata,musicians_viewunion,Musicians_viewunion,37.0,"[1, 1, 1, 0, 1, 1, 0, 0, 0, 0, 0, 1, 0]","[0, 1, 0, 0, 1, 1, 0, 1, 0, 1, 0, 1, 0]","['musician', 'birthDate', 'familyNameLabel', 'givenNameLabel', 'numberOfChildren', 'websiteLabel', 'residenceLabel', 'ethnicityLabel', 'religionLabel', 'activityStart', 'twitterNameLabel', 'geniusNameLabel', 'recordLabelLabel']","['musicianID', 'birthDate', 'familyName', 'city', 'webpage', 'forename', 'musicianName', 'spouse', 'fatherName', 'kind', 'motherName', 'NChildren', 'genderType']",0 days 00:00:42.331482,0.67,0.67,0.67
16451,Wikidata,musicians_viewunion,Musicians_viewunion,38.0,"[1, 1, 1, 0, 1, 1, 0, 0, 0, 0, 0, 1, 0]","[0, 1, 1, 0, 1, 0, 0, 1, 0, 1, 0, 1, 0]","['musician', 'birthDate', 'familyNameLabel', 'givenNameLabel', 'numberOfChildren', 'websiteLabel', 'residenceLabel', 'ethnicityLabel', 'religionLabel', 'activityStart', 'twitterNameLabel', 'geniusNameLabel', 'recordLabelLabel']","['musicianID', 'birthDate', 'familyName', 'city', 'webpage', 'forename', 'musicianName', 'spouse', 'fatherName', 'kind', 'motherName', 'NChildren', 'genderType']",0 days 00:00:52.560037,0.67,0.67,0.67
16639,Wikidata,musicians_viewunion,Musicians_viewunion,39.0,"[1, 1, 1, 0, 1, 1, 0, 0, 0, 0, 0, 1, 0]","[0, 1, 0, 0, 1, 1, 0, 1, 0, 1, 0, 1, 0]","['musician', 'birthDate', 'familyNameLabel', 'givenNameLabel', 'numberOfChildren', 'websiteLabel', 'residenceLabel', 'ethnicityLabel', 'religionLabel', 'activityStart', 'twitterNameLabel', 'geniusNameLabel', 'recordLabelLabel']","['musicianID', 'birthDate', 'familyName', 'city', 'webpage', 'forename', 'musicianName', 'spouse', 'fatherName', 'kind', 'motherName', 'NChildren', 'genderType']",0 days 00:00:42.737956,0.67,0.67,0.67
17207,Wikidata,musicians_viewunion,Musicians_viewunion,40.0,"[1, 1, 1, 0, 1, 1, 0, 0, 0, 0, 0, 1, 0]","[0, 1, 1, 0, 1, 0, 0, 1, 0, 1, 0, 1, 0]","['musician', 'birthDate', 'familyNameLabel', 'givenNameLabel', 'numberOfChildren', 'websiteLabel', 'residenceLabel', 'ethnicityLabel', 'religionLabel', 'activityStart', 'twitterNameLabel', 'geniusNameLabel', 'recordLabelLabel']","['musicianID', 'birthDate', 'familyName', 'city', 'webpage', 'forename', 'musicianName', 'spouse', 'fatherName', 'kind', 'motherName', 'NChildren', 'genderType']",0 days 00:00:52.763579,0.67,0.67,0.67
17514,Wikidata,musicians_viewunion,Musicians_viewunion,41.0,"[1, 1, 1, 0, 1, 1, 0, 0, 0, 0, 0, 1, 0]","[0, 1, 0, 0, 1, 1, 0, 1, 0, 1, 0, 1, 0]","['musician', 'birthDate', 'familyNameLabel', 'givenNameLabel', 'numberOfChildren', 'websiteLabel', 'residenceLabel', 'ethnicityLabel', 'religionLabel', 'activityStart', 'twitterNameLabel', 'geniusNameLabel', 'recordLabelLabel']","['musicianID', 'birthDate', 'familyName', 'city', 'webpage', 'forename', 'musicianName', 'spouse', 'fatherName', 'kind', 'motherName', 'NChildren', 'genderType']",0 days 00:00:53.868412,0.67,0.67,0.67
17961,Wikidata,musicians_viewunion,Musicians_viewunion,42.0,"[1, 1, 1, 0, 1, 1, 0, 0, 0, 0, 0, 1, 0]","[0, 1, 1, 0, 1, 0, 1, 1, 0, 1, 0, 1, 0]","['musician', 'birthDate', 'familyNameLabel', 'givenNameLabel', 'numberOfChildren', 'websiteLabel', 'residenceLabel', 'ethnicityLabel', 'religionLabel', 'activityStart', 'twitterNameLabel', 'geniusNameLabel', 'recordLabelLabel']","['musicianID', 'birthDate', 'familyName', 'city', 'webpage', 'forename', 'musicianName', 'spouse', 'fatherName', 'kind', 'motherName', 'NChildren', 'genderType']",0 days 00:01:06.359823,0.62,0.67,0.57
18364,Wikidata,musicians_viewunion,Musicians_viewunion,43.0,"[1, 1, 1, 0, 1, 1, 0, 0, 0, 0, 0, 1, 0]","[0, 1, 0, 0, 1, 1, 0, 1, 0, 1, 0, 1, 0]","['musician', 'birthDate', 'familyNameLabel', 'givenNameLabel', 'numberOfChildren', 'websiteLabel', 'residenceLabel', 'ethnicityLabel', 'religionLabel', 'activityStart', 'twitterNameLabel', 'geniusNameLabel', 'recordLabelLabel']","['musicianID', 'birthDate', 'familyName', 'city', 'webpage', 'forename', 'musicianName', 'spouse', 'fatherName', 'kind', 'motherName', 'NChildren', 'genderType']",0 days 00:01:06.282971,0.67,0.67,0.67
18817,Wikidata,musicians_viewunion,Musicians_viewunion,44.0,"[1, 1, 1, 1, 0, 1, 0, 0, 0, 0, 0, 1, 0]","[0, 1, 1, 1, 0, 0, 0, 1, 0, 1, 0, 1, 0]","['musician', 'birthDate', 'familyNameLabel', 'givenNameLabel', 'numberOfChildren', 'websiteLabel', 'residenceLabel', 'ethnicityLabel', 'religionLabel', 'activityStart', 'twitterNameLabel', 'geniusNameLabel', 'recordLabelLabel']","['musicianID', 'birthDate', 'familyName', 'webpage', 'city', 'forename', 'musicianName', 'spouse', 'fatherName', 'kind', 'motherName', 'NChildren', 'genderType']",0 days 00:00:54.445055,0.67,0.67,0.67
19201,Wikidata,musicians_viewunion,Musicians_viewunion,45.0,"[1, 1, 1, 0, 1, 1, 0, 0, 0, 0, 0, 1, 0]","[0, 1, 0, 0, 1, 1, 0, 1, 0, 1, 0, 1, 0]","['musician', 'birthDate', 'familyNameLabel', 'givenNameLabel', 'numberOfChildren', 'websiteLabel', 'residenceLabel', 'ethnicityLabel', 'religionLabel', 'activityStart', 'twitterNameLabel', 'geniusNameLabel', 'recordLabelLabel']","['musicianID', 'birthDate', 'familyName', 'city', 'webpage', 'forename', 'musicianName', 'spouse', 'fatherName', 'kind', 'motherName', 'NChildren', 'genderType']",0 days 00:00:53.199427,0.67,0.67,0.67
19584,Wikidata,musicians_viewunion,Musicians_viewunion,46.0,"[1, 1, 1, 0, 1, 1, 0, 0, 0, 0, 0, 1, 0]","[0, 1, 1, 0, 1, 0, 0, 1, 0, 1, 0, 1, 0]","['musician', 'birthDate', 'familyNameLabel', 'givenNameLabel', 'numberOfChildren', 'websiteLabel', 'residenceLabel', 'ethnicityLabel', 'religionLabel', 'activityStart', 'twitterNameLabel', 'geniusNameLabel', 'recordLabelLabel']","['musicianID', 'birthDate', 'familyName', 'city', 'webpage', 'forename', 'musicianName', 'spouse', 'fatherName', 'kind', 'motherName', 'NChildren', 'genderType']",0 days 00:00:53.460399,0.67,0.67,0.67
20218,Wikidata,musicians_viewunion,Musicians_viewunion,47.0,"[1, 1, 1, 0, 1, 1, 0, 0, 0, 0, 0, 1, 0]","[0, 1, 0, 0, 1, 1, 0, 1, 0, 1, 0, 1, 0]","['musician', 'birthDate', 'familyNameLabel', 'givenNameLabel', 'numberOfChildren', 'websiteLabel', 'residenceLabel', 'ethnicityLabel', 'religionLabel', 'activityStart', 'twitterNameLabel', 'geniusNameLabel', 'recordLabelLabel']","['musicianID', 'birthDate', 'familyName', 'city', 'webpage', 'forename', 'musicianName', 'spouse', 'fatherName', 'kind', 'motherName', 'NChildren', 'genderType']",0 days 00:00:53.666596,0.67,0.67,0.67
20646,Wikidata,musicians_viewunion,Musicians_viewunion,48.0,"[1, 1, 1, 0, 1, 1, 0, 0, 0, 0, 0, 1, 0]","[0, 1, 1, 0, 1, 0, 0, 1, 0, 1, 0, 1, 0]","['musician', 'birthDate', 'familyNameLabel', 'givenNameLabel', 'numberOfChildren', 'websiteLabel', 'residenceLabel', 'ethnicityLabel', 'religionLabel', 'activityStart', 'twitterNameLabel', 'geniusNameLabel', 'recordLabelLabel']","['musicianID', 'birthDate', 'familyName', 'city', 'webpage', 'forename', 'musicianName', 'spouse', 'fatherName', 'kind', 'motherName', 'NChildren', 'genderType']",0 days 00:01:15.811266,0.67,0.67,0.67
21187,Wikidata,musicians_viewunion,Musicians_viewunion,49.0,"[1, 1, 1, 0, 1, 1, 0, 0, 0, 0, 0, 1, 0]","[0, 1, 0, 0, 1, 1, 0, 1, 0, 1, 0, 1, 0]","['musician', 'birthDate', 'familyNameLabel', 'givenNameLabel', 'numberOfChildren', 'websiteLabel', 'residenceLabel', 'ethnicityLabel', 'religionLabel', 'activityStart', 'twitterNameLabel', 'geniusNameLabel', 'recordLabelLabel']","['musicianID', 'birthDate', 'familyName', 'city', 'webpage', 'forename', 'musicianName', 'spouse', 'fatherName', 'kind', 'motherName', 'NChildren', 'genderType']",0 days 00:01:04.886966,0.67,0.67,0.67
21541,Wikidata,musicians_viewunion,Musicians_viewunion,50.0,"[1, 1, 1, 0, 1, 1, 0, 0, 0, 0, 0, 1, 0]","[0, 1, 1, 0, 1, 0, 1, 1, 0, 1, 0, 1, 0]","['musician', 'birthDate', 'familyNameLabel', 'givenNameLabel', 'numberOfChildren', 'websiteLabel', 'residenceLabel', 'ethnicityLabel', 'religionLabel', 'activityStart', 'twitterNameLabel', 'geniusNameLabel', 'recordLabelLabel']","['musicianID', 'birthDate', 'familyName', 'city', 'webpage', 'forename', 'musicianName', 'spouse', 'fatherName', 'kind', 'motherName', 'NChildren', 'genderType']",0 days 00:01:04.204839,0.62,0.67,0.57
21874,Wikidata,musicians_viewunion,Musicians_viewunion,51.0,"[1, 1, 1, 0, 1, 1, 0, 0, 0, 0, 0, 1, 0]","[0, 1, 0, 0, 1, 1, 0, 1, 0, 1, 0, 1, 0]","['musician', 'birthDate', 'familyNameLabel', 'givenNameLabel', 'numberOfChildren', 'websiteLabel', 'residenceLabel', 'ethnicityLabel', 'religionLabel', 'activityStart', 'twitterNameLabel', 'geniusNameLabel', 'recordLabelLabel']","['musicianID', 'birthDate', 'familyName', 'city', 'webpage', 'forename', 'musicianName', 'spouse', 'fatherName', 'kind', 'motherName', 'NChildren', 'genderType']",0 days 00:01:13.352053,0.67,0.67,0.67
22369,Wikidata,musicians_viewunion,Musicians_viewunion,52.0,"[1, 1, 1, 0, 1, 1, 0, 0, 0, 0, 0, 1, 0]","[0, 1, 1, 0, 1, 0, 0, 1, 0, 1, 0, 1, 0]","['musician', 'birthDate', 'familyNameLabel', 'givenNameLabel', 'numberOfChildren', 'websiteLabel', 'residenceLabel', 'ethnicityLabel', 'religionLabel', 'activityStart', 'twitterNameLabel', 'geniusNameLabel', 'recordLabelLabel']","['musicianID', 'birthDate', 'familyName', 'city', 'webpage', 'forename', 'musicianName', 'spouse', 'fatherName', 'kind', 'motherName', 'NChildren', 'genderType']",0 days 00:00:51.946432,0.67,0.67,0.67
22659,Wikidata,musicians_viewunion,Musicians_viewunion,53.0,"[1, 1, 1, 0, 1, 1, 0, 0, 0, 0, 0, 1, 0]","[0, 1, 0, 0, 1, 1, 0, 1, 0, 1, 0, 1, 0]","['musician', 'birthDate', 'familyNameLabel', 'givenNameLabel', 'numberOfChildren', 'websiteLabel', 'residenceLabel', 'ethnicityLabel', 'religionLabel', 'activityStart', 'twitterNameLabel', 'geniusNameLabel', 'recordLabelLabel']","['musicianID', 'birthDate', 'familyName', 'city', 'webpage', 'forename', 'musicianName', 'spouse', 'fatherName', 'kind', 'motherName', 'NChildren', 'genderType']",0 days 00:00:51.455691,0.67,0.67,0.67
23351,Wikidata,musicians_viewunion,Musicians_viewunion,54.0,"[1, 1, 1, 0, 1, 1, 0, 0, 0, 0, 0, 1, 0]","[0, 1, 1, 0, 1, 0, 0, 1, 0, 1, 0, 1, 0]","['musician', 'birthDate', 'familyNameLabel', 'givenNameLabel', 'numberOfChildren', 'websiteLabel', 'residenceLabel', 'ethnicityLabel', 'religionLabel', 'activityStart', 'twitterNameLabel', 'geniusNameLabel', 'recordLabelLabel']","['musicianID', 'birthDate', 'familyName', 'city', 'webpage', 'forename', 'musicianName', 'spouse', 'fatherName', 'kind', 'motherName', 'NChildren', 'genderType']",0 days 00:00:52.481122,0.67,0.67,0.67
23501,Wikidata,musicians_viewunion,Musicians_viewunion,55.0,"[1, 1, 1, 0, 1, 1, 0, 0, 0, 0, 0, 1, 0]","[0, 1, 0, 0, 1, 1, 0, 1, 0, 1, 0, 1, 0]","['musician', 'birthDate', 'familyNameLabel', 'givenNameLabel', 'numberOfChildren', 'websiteLabel', 'residenceLabel', 'ethnicityLabel', 'religionLabel', 'activityStart', 'twitterNameLabel', 'geniusNameLabel', 'recordLabelLabel']","['musicianID', 'birthDate', 'familyName', 'city', 'webpage', 'forename', 'musicianName', 'spouse', 'fatherName', 'kind', 'motherName', 'NChildren', 'genderType']",0 days 00:01:04.100148,0.67,0.67,0.67
23981,Wikidata,musicians_viewunion,Musicians_viewunion,56.0,"[1, 1, 1, 0, 1, 1, 0, 0, 0, 0, 0, 1, 0]","[0, 1, 1, 0, 1, 0, 0, 1, 0, 1, 0, 1, 0]","['musician', 'birthDate', 'familyNameLabel', 'givenNameLabel', 'numberOfChildren', 'websiteLabel', 'residenceLabel', 'ethnicityLabel', 'religionLabel', 'activityStart', 'twitterNameLabel', 'geniusNameLabel', 'recordLabelLabel']","['musicianID', 'birthDate', 'familyName', 'city', 'webpage', 'forename', 'musicianName', 'spouse', 'fatherName', 'kind', 'motherName', 'NChildren', 'genderType']",0 days 00:00:52.567918,0.67,0.67,0.67
24469,Wikidata,musicians_viewunion,Musicians_viewunion,57.0,"[1, 1, 1, 0, 1, 1, 0, 0, 0, 0, 0, 1, 0]","[0, 1, 0, 0, 1, 1, 0, 1, 0, 1, 0, 1, 0]","['musician', 'birthDate', 'familyNameLabel', 'givenNameLabel', 'numberOfChildren', 'websiteLabel', 'residenceLabel', 'ethnicityLabel', 'religionLabel', 'activityStart', 'twitterNameLabel', 'geniusNameLabel', 'recordLabelLabel']","['musicianID', 'birthDate', 'familyName', 'city', 'webpage', 'forename', 'musicianName', 'spouse', 'fatherName', 'kind', 'motherName', 'NChildren', 'genderType']",0 days 00:01:08.353222,0.67,0.67,0.67
25152,Wikidata,musicians_viewunion,Musicians_viewunion,58.0,"[1, 1, 1, 0, 1, 1, 0, 0, 0, 0, 0, 1, 0]","[0, 1, 1, 0, 1, 0, 0, 1, 0, 1, 0, 1, 0]","['musician', 'birthDate', 'familyNameLabel', 'givenNameLabel', 'numberOfChildren', 'websiteLabel', 'residenceLabel', 'ethnicityLabel', 'religionLabel', 'activityStart', 'twitterNameLabel', 'geniusNameLabel', 'recordLabelLabel']","['musicianID', 'birthDate', 'familyName', 'city', 'webpage', 'forename', 'musicianName', 'spouse', 'fatherName', 'kind', 'motherName', 'NChildren', 'genderType']",0 days 00:01:13.062772,0.67,0.67,0.67
25337,Wikidata,musicians_viewunion,Musicians_viewunion,59.0,"[1, 1, 1, 0, 1, 1, 0, 0, 0, 0, 0, 1, 0]","[0, 1, 0, 0, 1, 1, 0, 1, 0, 1, 0, 1, 0]","['musician', 'birthDate', 'familyNameLabel', 'givenNameLabel', 'numberOfChildren', 'websiteLabel', 'residenceLabel', 'ethnicityLabel', 'religionLabel', 'activityStart', 'twitterNameLabel', 'geniusNameLabel', 'recordLabelLabel']","['musicianID', 'birthDate', 'familyName', 'city', 'webpage', 'forename', 'musicianName', 'spouse', 'fatherName', 'kind', 'motherName', 'NChildren', 'genderType']",0 days 00:01:08.181153,0.67,0.67,0.67
25817,Wikidata,musicians_viewunion,Musicians_viewunion,60.0,"[1, 1, 1, 0, 1, 1, 0, 0, 0, 0, 0, 1, 0]","[0, 1, 1, 0, 1, 0, 0, 1, 0, 1, 0, 1, 0]","['musician', 'birthDate', 'familyNameLabel', 'givenNameLabel', 'numberOfChildren', 'websiteLabel', 'residenceLabel', 'ethnicityLabel', 'religionLabel', 'activityStart', 'twitterNameLabel', 'geniusNameLabel', 'recordLabelLabel']","['musicianID', 'birthDate', 'familyName', 'city', 'webpage', 'forename', 'musicianName', 'spouse', 'fatherName', 'kind', 'motherName', 'NChildren', 'genderType']",0 days 00:01:23.860343,0.67,0.67,0.67
26265,Wikidata,musicians_viewunion,Musicians_viewunion,61.0,"[1, 1, 1, 0, 1, 1, 0, 0, 0, 0, 0, 1, 0]","[0, 1, 0, 0, 1, 1, 0, 1, 0, 1, 0, 1, 0]","['musician', 'birthDate', 'familyNameLabel', 'givenNameLabel', 'numberOfChildren', 'websiteLabel', 'residenceLabel', 'ethnicityLabel', 'religionLabel', 'activityStart', 'twitterNameLabel', 'geniusNameLabel', 'recordLabelLabel']","['musicianID', 'birthDate', 'familyName', 'city', 'webpage', 'forename', 'musicianName', 'spouse', 'fatherName', 'kind', 'motherName', 'NChildren', 'genderType']",0 days 00:01:07.435081,0.67,0.67,0.67
26678,Wikidata,musicians_viewunion,Musicians_viewunion,62.0,"[1, 1, 1, 0, 1, 1, 0, 0, 0, 0, 0, 1, 0]","[0, 1, 1, 0, 1, 0, 0, 1, 0, 1, 0, 1, 0]","['musician', 'birthDate', 'familyNameLabel', 'givenNameLabel', 'numberOfChildren', 'websiteLabel', 'residenceLabel', 'ethnicityLabel', 'religionLabel', 'activityStart', 'twitterNameLabel', 'geniusNameLabel', 'recordLabelLabel']","['musicianID', 'birthDate', 'familyName', 'city', 'webpage', 'forename', 'musicianName', 'spouse', 'fatherName', 'kind', 'motherName', 'NChildren', 'genderType']",0 days 00:01:23.924328,0.67,0.67,0.67
27082,Wikidata,musicians_viewunion,Musicians_viewunion,63.0,"[1, 1, 1, 0, 1, 1, 0, 0, 0, 0, 0, 1, 0]","[0, 1, 0, 0, 1, 1, 0, 1, 0, 1, 0, 1, 0]","['musician', 'birthDate', 'familyNameLabel', 'givenNameLabel', 'numberOfChildren', 'websiteLabel', 'residenceLabel', 'ethnicityLabel', 'religionLabel', 'activityStart', 'twitterNameLabel', 'geniusNameLabel', 'recordLabelLabel']","['musicianID', 'birthDate', 'familyName', 'city', 'webpage', 'forename', 'musicianName', 'spouse', 'fatherName', 'kind', 'motherName', 'NChildren', 'genderType']",0 days 00:01:12.071381,0.67,0.67,0.67
27649,Wikidata,musicians_viewunion,Musicians_viewunion,64.0,"[1, 1, 1, 0, 1, 1, 0, 0, 0, 0, 0, 1, 0]","[0, 1, 1, 0, 1, 0, 0, 1, 0, 1, 0, 1, 0]","['musician', 'birthDate', 'familyNameLabel', 'givenNameLabel', 'numberOfChildren', 'websiteLabel', 'residenceLabel', 'ethnicityLabel', 'religionLabel', 'activityStart', 'twitterNameLabel', 'geniusNameLabel', 'recordLabelLabel']","['musicianID', 'birthDate', 'familyName', 'city', 'webpage', 'forename', 'musicianName', 'spouse', 'fatherName', 'kind', 'motherName', 'NChildren', 'genderType']",0 days 00:01:07.519585,0.67,0.67,0.67
28131,Wikidata,musicians_viewunion,Musicians_viewunion,65.0,"[1, 1, 1, 0, 1, 1, 0, 0, 0, 0, 0, 1, 0]","[0, 1, 0, 0, 1, 1, 0, 1, 0, 1, 0, 1, 0]","['musician', 'birthDate', 'familyNameLabel', 'givenNameLabel', 'numberOfChildren', 'websiteLabel', 'residenceLabel', 'ethnicityLabel', 'religionLabel', 'activityStart', 'twitterNameLabel', 'geniusNameLabel', 'recordLabelLabel']","['musicianID', 'birthDate', 'familyName', 'city', 'webpage', 'forename', 'musicianName', 'spouse', 'fatherName', 'kind', 'motherName', 'NChildren', 'genderType']",0 days 00:00:43.670723,0.67,0.67,0.67
28533,Wikidata,musicians_viewunion,Musicians_viewunion,66.0,"[1, 1, 1, 0, 1, 1, 0, 0, 0, 0, 0, 1, 0]","[0, 1, 1, 0, 1, 0, 1, 1, 0, 1, 0, 1, 0]","['musician', 'birthDate', 'familyNameLabel', 'givenNameLabel', 'numberOfChildren', 'websiteLabel', 'residenceLabel', 'ethnicityLabel', 'religionLabel', 'activityStart', 'twitterNameLabel', 'geniusNameLabel', 'recordLabelLabel']","['musicianID', 'birthDate', 'familyName', 'city', 'webpage', 'forename', 'musicianName', 'spouse', 'fatherName', 'kind', 'motherName', 'NChildren', 'genderType']",0 days 00:00:42.795267,0.62,0.67,0.57
28732,Wikidata,musicians_viewunion,Musicians_viewunion,67.0,"[1, 1, 1, 0, 1, 1, 0, 0, 0, 0, 0, 1, 0]","[0, 1, 0, 0, 1, 1, 0, 1, 0, 1, 0, 1, 0]","['musician', 'birthDate', 'familyNameLabel', 'givenNameLabel', 'numberOfChildren', 'websiteLabel', 'residenceLabel', 'ethnicityLabel', 'religionLabel', 'activityStart', 'twitterNameLabel', 'geniusNameLabel', 'recordLabelLabel']","['musicianID', 'birthDate', 'familyName', 'city', 'webpage', 'forename', 'musicianName', 'spouse', 'fatherName', 'kind', 'motherName', 'NChildren', 'genderType']",0 days 00:00:43.671891,0.67,0.67,0.67
29198,Wikidata,musicians_viewunion,Musicians_viewunion,68.0,"[1, 1, 1, 0, 1, 1, 0, 0, 0, 0, 0, 1, 0]","[0, 1, 1, 0, 1, 0, 0, 1, 0, 1, 0, 1, 0]","['musician', 'birthDate', 'familyNameLabel', 'givenNameLabel', 'numberOfChildren', 'websiteLabel', 'residenceLabel', 'ethnicityLabel', 'religionLabel', 'activityStart', 'twitterNameLabel', 'geniusNameLabel', 'recordLabelLabel']","['musicianID', 'birthDate', 'familyName', 'city', 'webpage', 'forename', 'musicianName', 'spouse', 'fatherName', 'kind', 'motherName', 'NChildren', 'genderType']",0 days 00:00:42.169936,0.67,0.67,0.67
29728,Wikidata,musicians_viewunion,Musicians_viewunion,69.0,"[1, 1, 1, 0, 1, 1, 0, 0, 0, 0, 0, 1, 0]","[0, 1, 0, 0, 1, 1, 0, 1, 0, 1, 0, 1, 0]","['musician', 'birthDate', 'familyNameLabel', 'givenNameLabel', 'numberOfChildren', 'websiteLabel', 'residenceLabel', 'ethnicityLabel', 'religionLabel', 'activityStart', 'twitterNameLabel', 'geniusNameLabel', 'recordLabelLabel']","['musicianID', 'birthDate', 'familyName', 'city', 'webpage', 'forename', 'musicianName', 'spouse', 'fatherName', 'kind', 'motherName', 'NChildren', 'genderType']",0 days 00:00:59.458432,0.67,0.67,0.67
30325,Wikidata,musicians_viewunion,Musicians_viewunion,70.0,"[1, 1, 1, 0, 1, 1, 0, 0, 0, 0, 0, 1, 0]","[0, 1, 1, 0, 1, 0, 0, 1, 0, 1, 0, 1, 0]","['musician', 'birthDate', 'familyNameLabel', 'givenNameLabel', 'numberOfChildren', 'websiteLabel', 'residenceLabel', 'ethnicityLabel', 'religionLabel', 'activityStart', 'twitterNameLabel', 'geniusNameLabel', 'recordLabelLabel']","['musicianID', 'birthDate', 'familyName', 'city', 'webpage', 'forename', 'musicianName', 'spouse', 'fatherName', 'kind', 'motherName', 'NChildren', 'genderType']",0 days 00:00:42.318001,0.67,0.67,0.67
30773,Wikidata,musicians_viewunion,Musicians_viewunion,71.0,"[1, 1, 1, 0, 1, 1, 0, 0, 0, 0, 0, 1, 0]","[0, 1, 0, 0, 1, 1, 0, 1, 0, 1, 0, 1, 0]","['musician', 'birthDate', 'familyNameLabel', 'givenNameLabel', 'numberOfChildren', 'websiteLabel', 'residenceLabel', 'ethnicityLabel', 'religionLabel', 'activityStart', 'twitterNameLabel', 'geniusNameLabel', 'recordLabelLabel']","['musicianID', 'birthDate', 'familyName', 'city', 'webpage', 'forename', 'musicianName', 'spouse', 'fatherName', 'kind', 'motherName', 'NChildren', 'genderType']",0 days 00:00:44.474681,0.67,0.67,0.67
30913,Wikidata,musicians_viewunion,Musicians_viewunion,72.0,"[1, 1, 1, 0, 1, 1, 0, 0, 0, 0, 0, 1, 0]","[0, 1, 1, 0, 1, 0, 0, 1, 0, 1, 0, 1, 0]","['musician', 'birthDate', 'familyNameLabel', 'givenNameLabel', 'numberOfChildren', 'websiteLabel', 'residenceLabel', 'ethnicityLabel', 'religionLabel', 'activityStart', 'twitterNameLabel', 'geniusNameLabel', 'recordLabelLabel']","['musicianID', 'birthDate', 'familyName', 'city', 'webpage', 'forename', 'musicianName', 'spouse', 'fatherName', 'kind', 'motherName', 'NChildren', 'genderType']",0 days 00:00:52.266427,0.67,0.67,0.67
31455,Wikidata,musicians_viewunion,Musicians_viewunion,73.0,"[1, 1, 1, 0, 1, 1, 0, 0, 0, 0, 0, 1, 0]","[0, 1, 0, 0, 1, 1, 1, 1, 0, 1, 0, 1, 0]","['musician', 'birthDate', 'familyNameLabel', 'givenNameLabel', 'numberOfChildren', 'websiteLabel', 'residenceLabel', 'ethnicityLabel', 'religionLabel', 'activityStart', 'twitterNameLabel', 'geniusNameLabel', 'recordLabelLabel']","['musicianID', 'birthDate', 'familyName', 'city', 'webpage', 'forename', 'musicianName', 'spouse', 'fatherName', 'kind', 'motherName', 'NChildren', 'genderType']",0 days 00:00:53.767158,0.62,0.67,0.57
31927,Wikidata,musicians_viewunion,Musicians_viewunion,74.0,"[1, 1, 1, 0, 1, 1, 0, 0, 0, 0, 0, 1, 0]","[0, 1, 1, 0, 1, 0, 1, 1, 0, 1, 0, 1, 0]","['musician', 'birthDate', 'familyNameLabel', 'givenNameLabel', 'numberOfChildren', 'websiteLabel', 'residenceLabel', 'ethnicityLabel', 'religionLabel', 'activityStart', 'twitterNameLabel', 'geniusNameLabel', 'recordLabelLabel']","['musicianID', 'birthDate', 'familyName', 'city', 'webpage', 'forename', 'musicianName', 'spouse', 'fatherName', 'kind', 'motherName', 'NChildren', 'genderType']",0 days 00:00:54.411267,0.62,0.67,0.57
32194,Wikidata,musicians_viewunion,Musicians_viewunion,75.0,"[1, 1, 1, 0, 1, 1, 0, 0, 0, 0, 0, 1, 0]","[0, 1, 0, 0, 1, 1, 0, 1, 0, 1, 0, 1, 0]","['musician', 'birthDate', 'familyNameLabel', 'givenNameLabel', 'numberOfChildren', 'websiteLabel', 'residenceLabel', 'ethnicityLabel', 'religionLabel', 'activityStart', 'twitterNameLabel', 'geniusNameLabel', 'recordLabelLabel']","['musicianID', 'birthDate', 'familyName', 'city', 'webpage', 'forename', 'musicianName', 'spouse', 'fatherName', 'kind', 'motherName', 'NChildren', 'genderType']",0 days 00:01:06.531230,0.67,0.67,0.67
32799,Wikidata,musicians_viewunion,Musicians_viewunion,76.0,"[1, 1, 1, 0, 1, 1, 0, 0, 0, 0, 0, 1, 0]","[0, 1, 1, 0, 1, 0, 0, 1, 0, 1, 0, 1, 0]","['musician', 'birthDate', 'familyNameLabel', 'givenNameLabel', 'numberOfChildren', 'websiteLabel', 'residenceLabel', 'ethnicityLabel', 'religionLabel', 'activityStart', 'twitterNameLabel', 'geniusNameLabel', 'recordLabelLabel']","['musicianID', 'birthDate', 'familyName', 'city', 'webpage', 'forename', 'musicianName', 'spouse', 'fatherName', 'kind', 'motherName', 'NChildren', 'genderType']",0 days 00:01:06.711128,0.67,0.67,0.67
33203,Wikidata,musicians_viewunion,Musicians_viewunion,77.0,"[1, 1, 1, 0, 1, 1, 0, 0, 0, 0, 0, 1, 0]","[0, 1, 0, 0, 1, 1, 0, 1, 0, 1, 0, 1, 0]","['musician', 'birthDate', 'familyNameLabel', 'givenNameLabel', 'numberOfChildren', 'websiteLabel', 'residenceLabel', 'ethnicityLabel', 'religionLabel', 'activityStart', 'twitterNameLabel', 'geniusNameLabel', 'recordLabelLabel']","['musicianID', 'birthDate', 'familyName', 'city', 'webpage', 'forename', 'musicianName', 'spouse', 'fatherName', 'kind', 'motherName', 'NChildren', 'genderType']",0 days 00:01:06.716541,0.67,0.67,0.67
33589,Wikidata,musicians_viewunion,Musicians_viewunion,78.0,"[1, 1, 1, 0, 1, 1, 0, 0, 0, 0, 0, 1, 0]","[0, 1, 1, 0, 1, 0, 0, 1, 0, 1, 0, 1, 0]","['musician', 'birthDate', 'familyNameLabel', 'givenNameLabel', 'numberOfChildren', 'websiteLabel', 'residenceLabel', 'ethnicityLabel', 'religionLabel', 'activityStart', 'twitterNameLabel', 'geniusNameLabel', 'recordLabelLabel']","['musicianID', 'birthDate', 'familyName', 'city', 'webpage', 'forename', 'musicianName', 'spouse', 'fatherName', 'kind', 'motherName', 'NChildren', 'genderType']",0 days 00:00:55.386034,0.67,0.67,0.67
33911,Wikidata,musicians_viewunion,Musicians_viewunion,79.0,"[1, 1, 1, 0, 1, 1, 0, 0, 0, 0, 0, 1, 0]","[0, 1, 0, 0, 1, 1, 0, 1, 0, 1, 0, 1, 0]","['musician', 'birthDate', 'familyNameLabel', 'givenNameLabel', 'numberOfChildren', 'websiteLabel', 'residenceLabel', 'ethnicityLabel', 'religionLabel', 'activityStart', 'twitterNameLabel', 'geniusNameLabel', 'recordLabelLabel']","['musicianID', 'birthDate', 'familyName', 'city', 'webpage', 'forename', 'musicianName', 'spouse', 'fatherName', 'kind', 'motherName', 'NChildren', 'genderType']",0 days 00:01:10.566322,0.67,0.67,0.67
34339,Wikidata,musicians_viewunion,Musicians_viewunion,80.0,"[1, 1, 1, 0, 1, 1, 0, 0, 0, 0, 0, 1, 0]","[0, 1, 1, 0, 1, 0, 0, 1, 0, 1, 0, 1, 0]","['musician', 'birthDate', 'familyNameLabel', 'givenNameLabel', 'numberOfChildren', 'websiteLabel', 'residenceLabel', 'ethnicityLabel', 'religionLabel', 'activityStart', 'twitterNameLabel', 'geniusNameLabel', 'recordLabelLabel']","['musicianID', 'birthDate', 'familyName', 'city', 'webpage', 'forename', 'musicianName', 'spouse', 'fatherName', 'kind', 'motherName', 'NChildren', 'genderType']",0 days 00:01:07.128590,0.67,0.67,0.67
35041,Wikidata,musicians_viewunion,Musicians_viewunion,81.0,"[1, 1, 1, 0, 1, 1, 0, 0, 0, 0, 0, 1, 0]","[0, 1, 0, 0, 1, 1, 0, 1, 0, 1, 0, 1, 0]","['musician', 'birthDate', 'familyNameLabel', 'givenNameLabel', 'numberOfChildren', 'websiteLabel', 'residenceLabel', 'ethnicityLabel', 'religionLabel', 'activityStart', 'twitterNameLabel', 'geniusNameLabel', 'recordLabelLabel']","['musicianID', 'birthDate', 'familyName', 'city', 'webpage', 'forename', 'musicianName', 'spouse', 'fatherName', 'kind', 'motherName', 'NChildren', 'genderType']",0 days 00:00:52.093283,0.67,0.67,0.67
35179,Wikidata,musicians_viewunion,Musicians_viewunion,82.0,"[1, 1, 1, 0, 1, 1, 0, 0, 0, 0, 0, 1, 0]","[0, 1, 1, 0, 1, 0, 1, 1, 0, 1, 0, 1, 0]","['musician', 'birthDate', 'familyNameLabel', 'givenNameLabel', 'numberOfChildren', 'websiteLabel', 'residenceLabel', 'ethnicityLabel', 'religionLabel', 'activityStart', 'twitterNameLabel', 'geniusNameLabel', 'recordLabelLabel']","['musicianID', 'birthDate', 'familyName', 'city', 'webpage', 'forename', 'musicianName', 'spouse', 'fatherName', 'kind', 'motherName', 'NChildren', 'genderType']",0 days 00:00:51.542692,0.62,0.67,0.57
35638,Wikidata,musicians_viewunion,Musicians_viewunion,83.0,"[1, 1, 1, 0, 1, 1, 0, 0, 0, 0, 0, 1, 0]","[0, 1, 0, 0, 1, 1, 0, 1, 0, 1, 0, 1, 0]","['musician', 'birthDate', 'familyNameLabel', 'givenNameLabel', 'numberOfChildren', 'websiteLabel', 'residenceLabel', 'ethnicityLabel', 'religionLabel', 'activityStart', 'twitterNameLabel', 'geniusNameLabel', 'recordLabelLabel']","['musicianID', 'birthDate', 'familyName', 'city', 'webpage', 'forename', 'musicianName', 'spouse', 'fatherName', 'kind', 'motherName', 'NChildren', 'genderType']",0 days 00:01:05.055775,0.67,0.67,0.67
36280,Wikidata,musicians_viewunion,Musicians_viewunion,84.0,"[1, 1, 1, 0, 1, 1, 0, 0, 0, 0, 0, 1, 0]","[0, 1, 1, 0, 1, 0, 0, 1, 0, 1, 0, 1, 0]","['musician', 'birthDate', 'familyNameLabel', 'givenNameLabel', 'numberOfChildren', 'websiteLabel', 'residenceLabel', 'ethnicityLabel', 'religionLabel', 'activityStart', 'twitterNameLabel', 'geniusNameLabel', 'recordLabelLabel']","['musicianID', 'birthDate', 'familyName', 'city', 'webpage', 'forename', 'musicianName', 'spouse', 'fatherName', 'kind', 'motherName', 'NChildren', 'genderType']",0 days 00:00:51.485065,0.67,0.67,0.67
36501,Wikidata,musicians_viewunion,Musicians_viewunion,85.0,"[1, 1, 1, 0, 1, 1, 0, 0, 0, 0, 0, 1, 0]","[0, 1, 0, 0, 1, 1, 0, 1, 0, 1, 0, 1, 0]","['musician', 'birthDate', 'familyNameLabel', 'givenNameLabel', 'numberOfChildren', 'websiteLabel', 'residenceLabel', 'ethnicityLabel', 'religionLabel', 'activityStart', 'twitterNameLabel', 'geniusNameLabel', 'recordLabelLabel']","['musicianID', 'birthDate', 'familyName', 'city', 'webpage', 'forename', 'musicianName', 'spouse', 'fatherName', 'kind', 'motherName', 'NChildren', 'genderType']",0 days 00:00:52.011323,0.67,0.67,0.67
37066,Wikidata,musicians_viewunion,Musicians_viewunion,86.0,"[1, 1, 1, 0, 1, 1, 0, 0, 0, 0, 0, 1, 0]","[0, 1, 1, 0, 1, 0, 0, 1, 0, 1, 0, 1, 0]","['musician', 'birthDate', 'familyNameLabel', 'givenNameLabel', 'numberOfChildren', 'websiteLabel', 'residenceLabel', 'ethnicityLabel', 'religionLabel', 'activityStart', 'twitterNameLabel', 'geniusNameLabel', 'recordLabelLabel']","['musicianID', 'birthDate', 'familyName', 'city', 'webpage', 'forename', 'musicianName', 'spouse', 'fatherName', 'kind', 'motherName', 'NChildren', 'genderType']",0 days 00:00:51.828223,0.67,0.67,0.67
37300,Wikidata,musicians_viewunion,Musicians_viewunion,87.0,"[1, 1, 1, 0, 1, 1, 0, 0, 0, 0, 0, 1, 0]","[0, 1, 0, 0, 1, 1, 0, 1, 0, 1, 0, 1, 0]","['musician', 'birthDate', 'familyNameLabel', 'givenNameLabel', 'numberOfChildren', 'websiteLabel', 'residenceLabel', 'ethnicityLabel', 'religionLabel', 'activityStart', 'twitterNameLabel', 'geniusNameLabel', 'recordLabelLabel']","['musicianID', 'birthDate', 'familyName', 'city', 'webpage', 'forename', 'musicianName', 'spouse', 'fatherName', 'kind', 'motherName', 'NChildren', 'genderType']",0 days 00:00:51.679090,0.67,0.67,0.67
37773,Wikidata,musicians_viewunion,Musicians_viewunion,88.0,"[1, 1, 1, 0, 1, 1, 0, 0, 0, 0, 0, 1, 0]","[0, 1, 1, 0, 1, 0, 0, 1, 0, 1, 0, 1, 0]","['musician', 'birthDate', 'familyNameLabel', 'givenNameLabel', 'numberOfChildren', 'websiteLabel', 'residenceLabel', 'ethnicityLabel', 'religionLabel', 'activityStart', 'twitterNameLabel', 'geniusNameLabel', 'recordLabelLabel']","['musicianID', 'birthDate', 'familyName', 'city', 'webpage', 'forename', 'musicianName', 'spouse', 'fatherName', 'kind', 'motherName', 'NChildren', 'genderType']",0 days 00:01:04.131137,0.67,0.67,0.67
38327,Wikidata,musicians_viewunion,Musicians_viewunion,89.0,"[1, 1, 1, 0, 1, 1, 0, 0, 0, 0, 0, 1, 0]","[0, 1, 0, 0, 1, 1, 0, 1, 0, 1, 0, 1, 0]","['musician', 'birthDate', 'familyNameLabel', 'givenNameLabel', 'numberOfChildren', 'websiteLabel', 'residenceLabel', 'ethnicityLabel', 'religionLabel', 'activityStart', 'twitterNameLabel', 'geniusNameLabel', 'recordLabelLabel']","['musicianID', 'birthDate', 'familyName', 'city', 'webpage', 'forename', 'musicianName', 'spouse', 'fatherName', 'kind', 'motherName', 'NChildren', 'genderType']",0 days 00:01:07.266600,0.67,0.67,0.67
38655,Wikidata,musicians_viewunion,Musicians_viewunion,90.0,"[1, 1, 1, 0, 1, 1, 0, 0, 0, 0, 0, 1, 0]","[0, 1, 1, 0, 1, 0, 1, 1, 0, 1, 0, 1, 0]","['musician', 'birthDate', 'familyNameLabel', 'givenNameLabel', 'numberOfChildren', 'websiteLabel', 'residenceLabel', 'ethnicityLabel', 'religionLabel', 'activityStart', 'twitterNameLabel', 'geniusNameLabel', 'recordLabelLabel']","['musicianID', 'birthDate', 'familyName', 'city', 'webpage', 'forename', 'musicianName', 'spouse', 'fatherName', 'kind', 'motherName', 'NChildren', 'genderType']",0 days 00:01:10.020872,0.62,0.67,0.57
39056,Wikidata,musicians_viewunion,Musicians_viewunion,91.0,"[1, 1, 1, 0, 1, 1, 0, 0, 0, 0, 0, 1, 0]","[0, 1, 0, 0, 1, 1, 0, 1, 0, 1, 0, 1, 0]","['musician', 'birthDate', 'familyNameLabel', 'givenNameLabel', 'numberOfChildren', 'websiteLabel', 'residenceLabel', 'ethnicityLabel', 'religionLabel', 'activityStart', 'twitterNameLabel', 'geniusNameLabel', 'recordLabelLabel']","['musicianID', 'birthDate', 'familyName', 'city', 'webpage', 'forename', 'musicianName', 'spouse', 'fatherName', 'kind', 'motherName', 'NChildren', 'genderType']",0 days 00:01:07.239068,0.67,0.67,0.67
39661,Wikidata,musicians_viewunion,Musicians_viewunion,92.0,"[1, 1, 1, 0, 1, 1, 0, 0, 0, 0, 0, 1, 0]","[0, 1, 1, 0, 1, 0, 0, 1, 0, 1, 0, 1, 0]","['musician', 'birthDate', 'familyNameLabel', 'givenNameLabel', 'numberOfChildren', 'websiteLabel', 'residenceLabel', 'ethnicityLabel', 'religionLabel', 'activityStart', 'twitterNameLabel', 'geniusNameLabel', 'recordLabelLabel']","['musicianID', 'birthDate', 'familyName', 'city', 'webpage', 'forename', 'musicianName', 'spouse', 'fatherName', 'kind', 'motherName', 'NChildren', 'genderType']",0 days 00:01:07.845656,0.67,0.67,0.67
40281,Wikidata,musicians_viewunion,Musicians_viewunion,93.0,"[1, 1, 1, 0, 1, 1, 0, 0, 0, 0, 0, 1, 0]","[0, 1, 0, 0, 1, 1, 0, 1, 0, 1, 0, 1, 0]","['musician', 'birthDate', 'familyNameLabel', 'givenNameLabel', 'numberOfChildren', 'websiteLabel', 'residenceLabel', 'ethnicityLabel', 'religionLabel', 'activityStart', 'twitterNameLabel', 'geniusNameLabel', 'recordLabelLabel']","['musicianID', 'birthDate', 'familyName', 'city', 'webpage', 'forename', 'musicianName', 'spouse', 'fatherName', 'kind', 'motherName', 'NChildren', 'genderType']",0 days 00:01:08.350318,0.67,0.67,0.67
40700,Wikidata,musicians_viewunion,Musicians_viewunion,94.0,"[1, 1, 1, 0, 1, 1, 0, 0, 0, 0, 0, 1, 0]","[0, 1, 1, 0, 1, 0, 0, 1, 0, 1, 0, 1, 0]","['musician', 'birthDate', 'familyNameLabel', 'givenNameLabel', 'numberOfChildren', 'websiteLabel', 'residenceLabel', 'ethnicityLabel', 'religionLabel', 'activityStart', 'twitterNameLabel', 'geniusNameLabel', 'recordLabelLabel']","['musicianID', 'birthDate', 'familyName', 'city', 'webpage', 'forename', 'musicianName', 'spouse', 'fatherName', 'kind', 'motherName', 'NChildren', 'genderType']",0 days 00:01:06.811394,0.67,0.67,0.67
41084,Wikidata,musicians_viewunion,Musicians_viewunion,95.0,"[1, 1, 1, 0, 1, 1, 0, 0, 0, 0, 0, 1, 0]","[0, 1, 0, 0, 1, 1, 0, 1, 0, 1, 0, 1, 0]","['musician', 'birthDate', 'familyNameLabel', 'givenNameLabel', 'numberOfChildren', 'websiteLabel', 'residenceLabel', 'ethnicityLabel', 'religionLabel', 'activityStart', 'twitterNameLabel', 'geniusNameLabel', 'recordLabelLabel']","['musicianID', 'birthDate', 'familyName', 'city', 'webpage', 'forename', 'musicianName', 'spouse', 'fatherName', 'kind', 'motherName', 'NChildren', 'genderType']",0 days 00:01:23.545643,0.67,0.67,0.67
