,Category of dataset,dataset,relation,Configuration_Num,y_true,y_pred,Sc1,Sc2,F1 cross-domain,Recall cross-domain,Precision cross-domain
82,Wikidata,musicians_unionable,Musicians,0,"[1, 1, 1, 1, 1, 1, 1, 1, 1, 1, 1, 1, 1, 1, 1, 1, 1, 1, 1, 1]","[0, 1, 1, 1, 1, 0, 1, 1, 0, 1, 1, 1, 1, 1, 1, 1, 1, 1, 1, 1]","['musician', 'musicianLabel', 'genderLabel', 'birthDate', 'cityLabel', 'familyNameLabel', 'givenNameLabel', 'fatherLabel', 'motherLabel', 'partner', 'numberOfChildren', 'genreLabel', 'websiteLabel', 'residenceLabel', 'ethnicityLabel', 'religionLabel', 'activityStart', 'twitterNameLabel', 'geniusNameLabel', 'recordLabelLabel']","['musicianID', 'birthDate', 'webpage', 'familyName', 'musicianName', 'twitterUsername', 'geniusNameLabel', 'city', 'forename', 'spouse', 'recordCompany', 'fatherName', 'motherName', 'residence', 'kind', 'kickoff', 'ethnicity', 'religionLabel', 'NChildren', 'genderType']",0.6206896551724138,0.45,1.0
855,Wikidata,musicians_unionable,Musicians,1,"[1, 1, 1, 1, 1, 1, 1, 1, 1, 1, 1, 1, 1, 1, 1, 1, 1, 1, 1, 1]","[0, 1, 1, 1, 1, 0, 1, 1, 0, 1, 1, 1, 1, 1, 0, 1, 1, 1, 1, 1]","['musician', 'musicianLabel', 'genderLabel', 'birthDate', 'cityLabel', 'familyNameLabel', 'givenNameLabel', 'fatherLabel', 'motherLabel', 'partner', 'numberOfChildren', 'genreLabel', 'websiteLabel', 'residenceLabel', 'ethnicityLabel', 'religionLabel', 'activityStart', 'twitterNameLabel', 'geniusNameLabel', 'recordLabelLabel']","['musicianID', 'birthDate', 'webpage', 'familyName', 'musicianName', 'twitterUsername', 'geniusNameLabel', 'city', 'forename', 'spouse', 'recordCompany', 'fatherName', 'motherName', 'residence', 'kind', 'kickoff', 'ethnicity', 'religionLabel', 'NChildren', 'genderType']",0.4,0.25,1.0
1299,Wikidata,musicians_unionable,Musicians,2,"[1, 1, 1, 1, 1, 1, 1, 1, 1, 1, 1, 1, 1, 1, 1, 1, 1, 1, 1, 1]","[0, 1, 1, 0, 1, 0, 1, 1, 0, 0, 1, 1, 1, 1, 0, 1, 1, 1, 1, 1]","['musician', 'musicianLabel', 'genderLabel', 'birthDate', 'cityLabel', 'familyNameLabel', 'givenNameLabel', 'fatherLabel', 'motherLabel', 'partner', 'numberOfChildren', 'genreLabel', 'websiteLabel', 'residenceLabel', 'ethnicityLabel', 'religionLabel', 'activityStart', 'twitterNameLabel', 'geniusNameLabel', 'recordLabelLabel']","['musicianID', 'birthDate', 'webpage', 'familyName', 'musicianName', 'twitterUsername', 'geniusNameLabel', 'city', 'forename', 'spouse', 'recordCompany', 'fatherName', 'motherName', 'residence', 'kind', 'kickoff', 'ethnicity', 'religionLabel', 'NChildren', 'genderType']",0.46153846153846156,0.3,1.0
1669,Wikidata,musicians_unionable,Musicians,3,"[1, 1, 1, 1, 1, 1, 1, 1, 1, 1, 1, 1, 1, 1, 1, 1, 1, 1, 1, 1]","[0, 1, 1, 1, 1, 0, 1, 1, 0, 1, 1, 1, 1, 1, 0, 1, 1, 1, 1, 1]","['musician', 'musicianLabel', 'genderLabel', 'birthDate', 'cityLabel', 'familyNameLabel', 'givenNameLabel', 'fatherLabel', 'motherLabel', 'partner', 'numberOfChildren', 'genreLabel', 'websiteLabel', 'residenceLabel', 'ethnicityLabel', 'religionLabel', 'activityStart', 'twitterNameLabel', 'geniusNameLabel', 'recordLabelLabel']","['musicianID', 'birthDate', 'webpage', 'familyName', 'musicianName', 'twitterUsername', 'city', 'geniusNameLabel', 'forename', 'spouse', 'recordCompany', 'fatherName', 'motherName', 'residence', 'kind', 'kickoff', 'ethnicity', 'religionLabel', 'NChildren', 'genderType']",0.4,0.25,1.0
2107,Wikidata,musicians_unionable,Musicians,4,"[1, 1, 1, 1, 1, 1, 1, 1, 1, 1, 1, 1, 1, 1, 1, 1, 1, 1, 1, 1]","[0, 1, 1, 0, 1, 0, 1, 1, 0, 0, 1, 1, 1, 1, 0, 1, 1, 1, 1, 1]","['musician', 'musicianLabel', 'genderLabel', 'birthDate', 'cityLabel', 'familyNameLabel', 'givenNameLabel', 'fatherLabel', 'motherLabel', 'partner', 'numberOfChildren', 'genreLabel', 'websiteLabel', 'residenceLabel', 'ethnicityLabel', 'religionLabel', 'activityStart', 'twitterNameLabel', 'geniusNameLabel', 'recordLabelLabel']","['musicianID', 'birthDate', 'webpage', 'familyName', 'musicianName', 'twitterUsername', 'geniusNameLabel', 'city', 'forename', 'spouse', 'recordCompany', 'fatherName', 'motherName', 'residence', 'kind', 'kickoff', 'ethnicity', 'religionLabel', 'NChildren', 'genderType']",0.2608695652173913,0.15,1.0
2598,Wikidata,musicians_unionable,Musicians,5,"[1, 1, 1, 1, 1, 1, 1, 1, 1, 1, 1, 1, 1, 1, 1, 1, 1, 1, 1, 1]","[0, 1, 1, 1, 1, 0, 1, 1, 0, 1, 1, 1, 1, 1, 0, 1, 1, 1, 1, 1]","['musician', 'musicianLabel', 'genderLabel', 'birthDate', 'cityLabel', 'familyNameLabel', 'givenNameLabel', 'fatherLabel', 'motherLabel', 'partner', 'numberOfChildren', 'genreLabel', 'websiteLabel', 'residenceLabel', 'ethnicityLabel', 'religionLabel', 'activityStart', 'twitterNameLabel', 'geniusNameLabel', 'recordLabelLabel']","['musicianID', 'birthDate', 'webpage', 'familyName', 'musicianName', 'twitterUsername', 'city', 'geniusNameLabel', 'forename', 'spouse', 'recordCompany', 'fatherName', 'motherName', 'residence', 'kind', 'kickoff', 'ethnicity', 'religionLabel', 'NChildren', 'genderType']",0.7878787878787878,0.65,1.0
3043,Wikidata,musicians_unionable,Musicians,6,"[1, 1, 1, 1, 1, 1, 1, 1, 1, 1, 1, 1, 1, 1, 1, 1, 1, 1, 1, 1]","[0, 1, 1, 0, 1, 0, 1, 1, 0, 0, 1, 1, 1, 1, 0, 1, 1, 1, 1, 1]","['musician', 'musicianLabel', 'genderLabel', 'birthDate', 'cityLabel', 'familyNameLabel', 'givenNameLabel', 'fatherLabel', 'motherLabel', 'partner', 'numberOfChildren', 'genreLabel', 'websiteLabel', 'residenceLabel', 'ethnicityLabel', 'religionLabel', 'activityStart', 'twitterNameLabel', 'geniusNameLabel', 'recordLabelLabel']","['musicianID', 'birthDate', 'webpage', 'familyName', 'musicianName', 'twitterUsername', 'city', 'geniusNameLabel', 'forename', 'spouse', 'recordCompany', 'fatherName', 'motherName', 'residence', 'kind', 'kickoff', 'ethnicity', 'religionLabel', 'NChildren', 'genderType']",0.4,0.25,1.0
3274,Wikidata,musicians_unionable,Musicians,7,"[1, 1, 1, 1, 1, 1, 1, 1, 1, 1, 1, 1, 1, 1, 1, 1, 1, 1, 1, 1]","[0, 1, 1, 1, 1, 0, 1, 1, 0, 1, 1, 1, 1, 1, 0, 1, 1, 1, 1, 1]","['musician', 'musicianLabel', 'genderLabel', 'birthDate', 'cityLabel', 'familyNameLabel', 'givenNameLabel', 'fatherLabel', 'motherLabel', 'partner', 'numberOfChildren', 'genreLabel', 'websiteLabel', 'residenceLabel', 'ethnicityLabel', 'religionLabel', 'activityStart', 'twitterNameLabel', 'geniusNameLabel', 'recordLabelLabel']","['musicianID', 'birthDate', 'webpage', 'familyName', 'musicianName', 'twitterUsername', 'city', 'geniusNameLabel', 'forename', 'spouse', 'recordCompany', 'fatherName', 'motherName', 'residence', 'kind', 'kickoff', 'ethnicity', 'religionLabel', 'NChildren', 'genderType']",0.3333333333333333,0.2,1.0
3614,Wikidata,musicians_unionable,Musicians,8,"[1, 1, 1, 1, 1, 1, 1, 1, 1, 1, 1, 1, 1, 1, 1, 1, 1, 1, 1, 1]","[0, 1, 1, 0, 1, 0, 1, 1, 1, 1, 1, 1, 1, 1, 1, 1, 1, 1, 1, 1]","['musician', 'musicianLabel', 'genderLabel', 'birthDate', 'cityLabel', 'familyNameLabel', 'givenNameLabel', 'fatherLabel', 'motherLabel', 'partner', 'numberOfChildren', 'genreLabel', 'websiteLabel', 'residenceLabel', 'ethnicityLabel', 'religionLabel', 'activityStart', 'twitterNameLabel', 'geniusNameLabel', 'recordLabelLabel']","['musicianID', 'birthDate', 'webpage', 'familyName', 'musicianName', 'twitterUsername', 'city', 'geniusNameLabel', 'forename', 'spouse', 'recordCompany', 'fatherName', 'motherName', 'residence', 'kind', 'kickoff', 'ethnicity', 'religionLabel', 'NChildren', 'genderType']",0.6666666666666666,0.5,1.0
3993,Wikidata,musicians_unionable,Musicians,9,"[1, 1, 1, 1, 1, 1, 1, 1, 1, 1, 1, 1, 1, 1, 1, 1, 1, 1, 1, 1]","[0, 1, 1, 1, 1, 0, 1, 1, 0, 1, 1, 1, 1, 1, 1, 1, 1, 1, 1, 1]","['musician', 'musicianLabel', 'genderLabel', 'birthDate', 'cityLabel', 'familyNameLabel', 'givenNameLabel', 'fatherLabel', 'motherLabel', 'partner', 'numberOfChildren', 'genreLabel', 'websiteLabel', 'residenceLabel', 'ethnicityLabel', 'religionLabel', 'activityStart', 'twitterNameLabel', 'geniusNameLabel', 'recordLabelLabel']","['musicianID', 'birthDate', 'webpage', 'familyName', 'musicianName', 'twitterUsername', 'geniusNameLabel', 'city', 'forename', 'spouse', 'recordCompany', 'fatherName', 'motherName', 'residence', 'kind', 'kickoff', 'ethnicity', 'religionLabel', 'NChildren', 'genderType']",0.4,0.25,1.0
4576,Wikidata,musicians_unionable,Musicians,10,"[1, 1, 1, 1, 1, 1, 1, 1, 1, 1, 1, 1, 1, 1, 1, 1, 1, 1, 1, 1]","[0, 1, 1, 0, 1, 0, 1, 1, 0, 1, 1, 1, 1, 1, 0, 1, 1, 1, 1, 1]","['musician', 'musicianLabel', 'genderLabel', 'birthDate', 'cityLabel', 'familyNameLabel', 'givenNameLabel', 'fatherLabel', 'motherLabel', 'partner', 'numberOfChildren', 'genreLabel', 'websiteLabel', 'residenceLabel', 'ethnicityLabel', 'religionLabel', 'activityStart', 'twitterNameLabel', 'geniusNameLabel', 'recordLabelLabel']","['musicianID', 'birthDate', 'webpage', 'familyName', 'musicianName', 'twitterUsername', 'city', 'geniusNameLabel', 'forename', 'spouse', 'recordCompany', 'fatherName', 'motherName', 'residence', 'kind', 'kickoff', 'ethnicity', 'religionLabel', 'NChildren', 'genderType']",0.7096774193548387,0.55,1.0
4835,Wikidata,musicians_unionable,Musicians,11,"[1, 1, 1, 1, 1, 1, 1, 1, 1, 1, 1, 1, 1, 1, 1, 1, 1, 1, 1, 1]","[0, 1, 1, 1, 1, 0, 1, 1, 0, 1, 1, 1, 1, 1, 0, 1, 1, 1, 1, 1]","['musician', 'musicianLabel', 'genderLabel', 'birthDate', 'cityLabel', 'familyNameLabel', 'givenNameLabel', 'fatherLabel', 'motherLabel', 'partner', 'numberOfChildren', 'genreLabel', 'websiteLabel', 'residenceLabel', 'ethnicityLabel', 'religionLabel', 'activityStart', 'twitterNameLabel', 'geniusNameLabel', 'recordLabelLabel']","['musicianID', 'birthDate', 'webpage', 'familyName', 'musicianName', 'twitterUsername', 'city', 'geniusNameLabel', 'forename', 'spouse', 'recordCompany', 'fatherName', 'motherName', 'residence', 'kind', 'kickoff', 'ethnicity', 'religionLabel', 'NChildren', 'genderType']",0.5714285714285714,0.4,1.0
5624,Wikidata,musicians_unionable,Musicians,12,"[1, 1, 1, 1, 1, 1, 1, 1, 1, 1, 1, 1, 1, 1, 1, 1, 1, 1, 1, 1]","[0, 1, 1, 0, 1, 0, 1, 1, 0, 0, 1, 1, 1, 1, 0, 1, 1, 1, 1, 1]","['musician', 'musicianLabel', 'genderLabel', 'birthDate', 'cityLabel', 'familyNameLabel', 'givenNameLabel', 'fatherLabel', 'motherLabel', 'partner', 'numberOfChildren', 'genreLabel', 'websiteLabel', 'residenceLabel', 'ethnicityLabel', 'religionLabel', 'activityStart', 'twitterNameLabel', 'geniusNameLabel', 'recordLabelLabel']","['musicianID', 'birthDate', 'webpage', 'familyName', 'musicianName', 'twitterUsername', 'city', 'geniusNameLabel', 'forename', 'spouse', 'recordCompany', 'fatherName', 'motherName', 'residence', 'kind', 'kickoff', 'ethnicity', 'religionLabel', 'NChildren', 'genderType']",0.6666666666666666,0.5,1.0
5988,Wikidata,musicians_unionable,Musicians,13,"[1, 1, 1, 1, 1, 1, 1, 1, 1, 1, 1, 1, 1, 1, 1, 1, 1, 1, 1, 1]","[0, 1, 1, 1, 1, 0, 1, 1, 0, 1, 1, 1, 1, 1, 0, 1, 1, 1, 1, 1]","['musician', 'musicianLabel', 'genderLabel', 'birthDate', 'cityLabel', 'familyNameLabel', 'givenNameLabel', 'fatherLabel', 'motherLabel', 'partner', 'numberOfChildren', 'genreLabel', 'websiteLabel', 'residenceLabel', 'ethnicityLabel', 'religionLabel', 'activityStart', 'twitterNameLabel', 'geniusNameLabel', 'recordLabelLabel']","['musicianID', 'birthDate', 'webpage', 'familyName', 'musicianName', 'twitterUsername', 'city', 'geniusNameLabel', 'forename', 'spouse', 'recordCompany', 'fatherName', 'motherName', 'residence', 'kind', 'kickoff', 'ethnicity', 'religionLabel', 'NChildren', 'genderType']",0.4,0.25,1.0
6385,Wikidata,musicians_unionable,Musicians,14,"[1, 1, 1, 1, 1, 1, 1, 1, 1, 1, 1, 1, 1, 1, 1, 1, 1, 1, 1, 1]","[0, 1, 1, 0, 1, 0, 1, 1, 0, 0, 1, 1, 1, 1, 0, 1, 1, 1, 1, 1]","['musician', 'musicianLabel', 'genderLabel', 'birthDate', 'cityLabel', 'familyNameLabel', 'givenNameLabel', 'fatherLabel', 'motherLabel', 'partner', 'numberOfChildren', 'genreLabel', 'websiteLabel', 'residenceLabel', 'ethnicityLabel', 'religionLabel', 'activityStart', 'twitterNameLabel', 'geniusNameLabel', 'recordLabelLabel']","['musicianID', 'birthDate', 'webpage', 'familyName', 'musicianName', 'twitterUsername', 'city', 'geniusNameLabel', 'forename', 'spouse', 'recordCompany', 'fatherName', 'motherName', 'residence', 'kind', 'kickoff', 'ethnicity', 'religionLabel', 'NChildren', 'genderType']",0.4,0.25,1.0
6611,Wikidata,musicians_unionable,Musicians,15,"[1, 1, 1, 1, 1, 1, 1, 1, 1, 1, 1, 1, 1, 1, 1, 1, 1, 1, 1, 1]","[0, 1, 1, 1, 1, 0, 1, 1, 0, 1, 1, 1, 1, 1, 0, 1, 1, 1, 1, 1]","['musician', 'musicianLabel', 'genderLabel', 'birthDate', 'cityLabel', 'familyNameLabel', 'givenNameLabel', 'fatherLabel', 'motherLabel', 'partner', 'numberOfChildren', 'genreLabel', 'websiteLabel', 'residenceLabel', 'ethnicityLabel', 'religionLabel', 'activityStart', 'twitterNameLabel', 'geniusNameLabel', 'recordLabelLabel']","['musicianID', 'birthDate', 'webpage', 'familyName', 'musicianName', 'twitterUsername', 'city', 'geniusNameLabel', 'forename', 'spouse', 'recordCompany', 'fatherName', 'motherName', 'residence', 'kind', 'kickoff', 'ethnicity', 'religionLabel', 'NChildren', 'genderType']",0.18181818181818182,0.1,1.0
7369,Wikidata,musicians_unionable,Musicians,16,"[1, 1, 1, 1, 1, 1, 1, 1, 1, 1, 1, 1, 1, 1, 1, 1, 1, 1, 1, 1]","[0, 1, 1, 0, 1, 0, 1, 1, 0, 1, 1, 1, 1, 1, 1, 1, 1, 1, 1, 1]","['musician', 'musicianLabel', 'genderLabel', 'birthDate', 'cityLabel', 'familyNameLabel', 'givenNameLabel', 'fatherLabel', 'motherLabel', 'partner', 'numberOfChildren', 'genreLabel', 'websiteLabel', 'residenceLabel', 'ethnicityLabel', 'religionLabel', 'activityStart', 'twitterNameLabel', 'geniusNameLabel', 'recordLabelLabel']","['musicianID', 'birthDate', 'webpage', 'familyName', 'musicianName', 'twitterUsername', 'city', 'geniusNameLabel', 'forename', 'spouse', 'recordCompany', 'fatherName', 'motherName', 'residence', 'kind', 'kickoff', 'ethnicity', 'religionLabel', 'NChildren', 'genderType']",0.3333333333333333,0.2,1.0
7722,Wikidata,musicians_unionable,Musicians,17,"[1, 1, 1, 1, 1, 1, 1, 1, 1, 1, 1, 1, 1, 1, 1, 1, 1, 1, 1, 1]","[0, 1, 1, 1, 1, 0, 1, 1, 0, 1, 1, 1, 1, 1, 0, 1, 1, 1, 1, 1]","['musician', 'musicianLabel', 'genderLabel', 'birthDate', 'cityLabel', 'familyNameLabel', 'givenNameLabel', 'fatherLabel', 'motherLabel', 'partner', 'numberOfChildren', 'genreLabel', 'websiteLabel', 'residenceLabel', 'ethnicityLabel', 'religionLabel', 'activityStart', 'twitterNameLabel', 'geniusNameLabel', 'recordLabelLabel']","['musicianID', 'birthDate', 'webpage', 'familyName', 'musicianName', 'twitterUsername', 'city', 'geniusNameLabel', 'forename', 'spouse', 'recordCompany', 'fatherName', 'motherName', 'residence', 'kind', 'kickoff', 'ethnicity', 'religionLabel', 'NChildren', 'genderType']",0.75,0.6,1.0
8111,Wikidata,musicians_unionable,Musicians,18,"[1, 1, 1, 1, 1, 1, 1, 1, 1, 1, 1, 1, 1, 1, 1, 1, 1, 1, 1, 1]","[0, 1, 1, 0, 1, 0, 1, 1, 0, 1, 1, 1, 1, 1, 0, 1, 1, 1, 1, 1]","['musician', 'musicianLabel', 'genderLabel', 'birthDate', 'cityLabel', 'familyNameLabel', 'givenNameLabel', 'fatherLabel', 'motherLabel', 'partner', 'numberOfChildren', 'genreLabel', 'websiteLabel', 'residenceLabel', 'ethnicityLabel', 'religionLabel', 'activityStart', 'twitterNameLabel', 'geniusNameLabel', 'recordLabelLabel']","['musicianID', 'birthDate', 'webpage', 'familyName', 'musicianName', 'twitterUsername', 'city', 'geniusNameLabel', 'forename', 'spouse', 'recordCompany', 'fatherName', 'motherName', 'residence', 'kind', 'kickoff', 'ethnicity', 'religionLabel', 'NChildren', 'genderType']",0.75,0.6,1.0
8470,Wikidata,musicians_unionable,Musicians,19,"[1, 1, 1, 1, 1, 1, 1, 1, 1, 1, 1, 1, 1, 1, 1, 1, 1, 1, 1, 1]","[0, 1, 1, 1, 1, 0, 1, 1, 0, 1, 1, 1, 1, 1, 0, 1, 1, 1, 1, 1]","['musician', 'musicianLabel', 'genderLabel', 'birthDate', 'cityLabel', 'familyNameLabel', 'givenNameLabel', 'fatherLabel', 'motherLabel', 'partner', 'numberOfChildren', 'genreLabel', 'websiteLabel', 'residenceLabel', 'ethnicityLabel', 'religionLabel', 'activityStart', 'twitterNameLabel', 'geniusNameLabel', 'recordLabelLabel']","['musicianID', 'birthDate', 'webpage', 'familyName', 'musicianName', 'twitterUsername', 'city', 'geniusNameLabel', 'forename', 'spouse', 'recordCompany', 'fatherName', 'motherName', 'residence', 'kind', 'kickoff', 'ethnicity', 'religionLabel', 'NChildren', 'genderType']",0.5714285714285714,0.4,1.0
8889,Wikidata,musicians_unionable,Musicians,20,"[1, 1, 1, 1, 1, 1, 1, 1, 1, 1, 1, 1, 1, 1, 1, 1, 1, 1, 1, 1]","[0, 1, 1, 0, 1, 0, 1, 1, 0, 0, 1, 1, 1, 1, 0, 1, 1, 1, 1, 1]","['musician', 'musicianLabel', 'genderLabel', 'birthDate', 'cityLabel', 'familyNameLabel', 'givenNameLabel', 'fatherLabel', 'motherLabel', 'partner', 'numberOfChildren', 'genreLabel', 'websiteLabel', 'residenceLabel', 'ethnicityLabel', 'religionLabel', 'activityStart', 'twitterNameLabel', 'geniusNameLabel', 'recordLabelLabel']","['musicianID', 'birthDate', 'webpage', 'familyName', 'musicianName', 'twitterUsername', 'city', 'geniusNameLabel', 'forename', 'spouse', 'recordCompany', 'fatherName', 'motherName', 'residence', 'kind', 'kickoff', 'ethnicity', 'religionLabel', 'NChildren', 'genderType']",0.6206896551724138,0.45,1.0
9299,Wikidata,musicians_unionable,Musicians,21,"[1, 1, 1, 1, 1, 1, 1, 1, 1, 1, 1, 1, 1, 1, 1, 1, 1, 1, 1, 1]","[0, 1, 1, 1, 1, 0, 1, 1, 0, 1, 1, 1, 1, 1, 0, 1, 1, 1, 1, 1]","['musician', 'musicianLabel', 'genderLabel', 'birthDate', 'cityLabel', 'familyNameLabel', 'givenNameLabel', 'fatherLabel', 'motherLabel', 'partner', 'numberOfChildren', 'genreLabel', 'websiteLabel', 'residenceLabel', 'ethnicityLabel', 'religionLabel', 'activityStart', 'twitterNameLabel', 'geniusNameLabel', 'recordLabelLabel']","['musicianID', 'birthDate', 'webpage', 'familyName', 'musicianName', 'twitterUsername', 'city', 'geniusNameLabel', 'forename', 'spouse', 'recordCompany', 'fatherName', 'motherName', 'residence', 'kind', 'kickoff', 'ethnicity', 'religionLabel', 'NChildren', 'genderType']",0.2608695652173913,0.15,1.0
9781,Wikidata,musicians_unionable,Musicians,22,"[1, 1, 1, 1, 1, 1, 1, 1, 1, 1, 1, 1, 1, 1, 1, 1, 1, 1, 1, 1]","[0, 1, 1, 0, 1, 0, 1, 1, 0, 0, 1, 1, 1, 1, 0, 1, 1, 1, 1, 1]","['musician', 'musicianLabel', 'genderLabel', 'birthDate', 'cityLabel', 'familyNameLabel', 'givenNameLabel', 'fatherLabel', 'motherLabel', 'partner', 'numberOfChildren', 'genreLabel', 'websiteLabel', 'residenceLabel', 'ethnicityLabel', 'religionLabel', 'activityStart', 'twitterNameLabel', 'geniusNameLabel', 'recordLabelLabel']","['musicianID', 'birthDate', 'webpage', 'familyName', 'musicianName', 'twitterUsername', 'city', 'geniusNameLabel', 'forename', 'spouse', 'recordCompany', 'fatherName', 'motherName', 'residence', 'kind', 'kickoff', 'ethnicity', 'religionLabel', 'NChildren', 'genderType']",0.7878787878787878,0.65,1.0
10212,Wikidata,musicians_unionable,Musicians,23,"[1, 1, 1, 1, 1, 1, 1, 1, 1, 1, 1, 1, 1, 1, 1, 1, 1, 1, 1, 1]","[0, 1, 1, 1, 1, 0, 1, 1, 0, 1, 1, 1, 1, 1, 0, 1, 1, 1, 1, 1]","['musician', 'musicianLabel', 'genderLabel', 'birthDate', 'cityLabel', 'familyNameLabel', 'givenNameLabel', 'fatherLabel', 'motherLabel', 'partner', 'numberOfChildren', 'genreLabel', 'websiteLabel', 'residenceLabel', 'ethnicityLabel', 'religionLabel', 'activityStart', 'twitterNameLabel', 'geniusNameLabel', 'recordLabelLabel']","['musicianID', 'birthDate', 'webpage', 'familyName', 'musicianName', 'twitterUsername', 'geniusNameLabel', 'city', 'forename', 'spouse', 'recordCompany', 'fatherName', 'motherName', 'residence', 'kind', 'kickoff', 'ethnicity', 'religionLabel', 'NChildren', 'genderType']",0.7878787878787878,0.65,1.0
10827,Wikidata,musicians_unionable,Musicians,24,"[1, 1, 1, 1, 1, 1, 1, 1, 1, 1, 1, 1, 1, 1, 1, 1, 1, 1, 1, 1]","[0, 1, 1, 1, 1, 0, 1, 1, 0, 1, 1, 1, 1, 1, 1, 1, 1, 1, 1, 1]","['musician', 'musicianLabel', 'genderLabel', 'birthDate', 'cityLabel', 'familyNameLabel', 'givenNameLabel', 'fatherLabel', 'motherLabel', 'partner', 'numberOfChildren', 'genreLabel', 'websiteLabel', 'residenceLabel', 'ethnicityLabel', 'religionLabel', 'activityStart', 'twitterNameLabel', 'geniusNameLabel', 'recordLabelLabel']","['musicianID', 'birthDate', 'webpage', 'familyName', 'musicianName', 'twitterUsername', 'city', 'geniusNameLabel', 'forename', 'spouse', 'recordCompany', 'fatherName', 'motherName', 'residence', 'kind', 'kickoff', 'ethnicity', 'religionLabel', 'NChildren', 'genderType']",0.5185185185185185,0.35,1.0
11054,Wikidata,musicians_unionable,Musicians,25,"[1, 1, 1, 1, 1, 1, 1, 1, 1, 1, 1, 1, 1, 1, 1, 1, 1, 1, 1, 1]","[0, 1, 1, 1, 1, 0, 1, 1, 0, 1, 1, 1, 1, 1, 0, 1, 1, 1, 1, 1]","['musician', 'musicianLabel', 'genderLabel', 'birthDate', 'cityLabel', 'familyNameLabel', 'givenNameLabel', 'fatherLabel', 'motherLabel', 'partner', 'numberOfChildren', 'genreLabel', 'websiteLabel', 'residenceLabel', 'ethnicityLabel', 'religionLabel', 'activityStart', 'twitterNameLabel', 'geniusNameLabel', 'recordLabelLabel']","['musicianID', 'birthDate', 'webpage', 'familyName', 'musicianName', 'twitterUsername', 'city', 'geniusNameLabel', 'forename', 'spouse', 'recordCompany', 'fatherName', 'motherName', 'residence', 'kind', 'kickoff', 'ethnicity', 'religionLabel', 'NChildren', 'genderType']",0.3333333333333333,0.2,1.0
11670,Wikidata,musicians_unionable,Musicians,26,"[1, 1, 1, 1, 1, 1, 1, 1, 1, 1, 1, 1, 1, 1, 1, 1, 1, 1, 1, 1]","[0, 1, 1, 0, 1, 0, 1, 1, 0, 0, 1, 1, 1, 1, 0, 1, 1, 1, 1, 1]","['musician', 'musicianLabel', 'genderLabel', 'birthDate', 'cityLabel', 'familyNameLabel', 'givenNameLabel', 'fatherLabel', 'motherLabel', 'partner', 'numberOfChildren', 'genreLabel', 'websiteLabel', 'residenceLabel', 'ethnicityLabel', 'religionLabel', 'activityStart', 'twitterNameLabel', 'geniusNameLabel', 'recordLabelLabel']","['musicianID', 'birthDate', 'webpage', 'familyName', 'musicianName', 'twitterUsername', 'city', 'geniusNameLabel', 'forename', 'spouse', 'recordCompany', 'fatherName', 'motherName', 'residence', 'kind', 'kickoff', 'ethnicity', 'religionLabel', 'NChildren', 'genderType']",0.6666666666666666,0.5,1.0
11931,Wikidata,musicians_unionable,Musicians,27,"[1, 1, 1, 1, 1, 1, 1, 1, 1, 1, 1, 1, 1, 1, 1, 1, 1, 1, 1, 1]","[0, 1, 1, 1, 1, 0, 1, 1, 0, 1, 1, 1, 1, 1, 0, 1, 1, 1, 1, 1]","['musician', 'musicianLabel', 'genderLabel', 'birthDate', 'cityLabel', 'familyNameLabel', 'givenNameLabel', 'fatherLabel', 'motherLabel', 'partner', 'numberOfChildren', 'genreLabel', 'websiteLabel', 'residenceLabel', 'ethnicityLabel', 'religionLabel', 'activityStart', 'twitterNameLabel', 'geniusNameLabel', 'recordLabelLabel']","['musicianID', 'birthDate', 'webpage', 'familyName', 'musicianName', 'twitterUsername', 'city', 'geniusNameLabel', 'forename', 'spouse', 'recordCompany', 'fatherName', 'motherName', 'residence', 'kind', 'kickoff', 'ethnicity', 'religionLabel', 'NChildren', 'genderType']",0.5185185185185185,0.35,1.0
12338,Wikidata,musicians_unionable,Musicians,28,"[1, 1, 1, 1, 1, 1, 1, 1, 1, 1, 1, 1, 1, 1, 1, 1, 1, 1, 1, 1]","[0, 1, 1, 0, 1, 0, 1, 1, 0, 0, 1, 1, 1, 1, 0, 1, 1, 1, 1, 1]","['musician', 'musicianLabel', 'genderLabel', 'birthDate', 'cityLabel', 'familyNameLabel', 'givenNameLabel', 'fatherLabel', 'motherLabel', 'partner', 'numberOfChildren', 'genreLabel', 'websiteLabel', 'residenceLabel', 'ethnicityLabel', 'religionLabel', 'activityStart', 'twitterNameLabel', 'geniusNameLabel', 'recordLabelLabel']","['musicianID', 'birthDate', 'webpage', 'familyName', 'musicianName', 'twitterUsername', 'city', 'geniusNameLabel', 'forename', 'spouse', 'recordCompany', 'fatherName', 'motherName', 'residence', 'kind', 'kickoff', 'ethnicity', 'religionLabel', 'NChildren', 'genderType']",0.3333333333333333,0.2,1.0
12757,Wikidata,musicians_unionable,Musicians,29,"[1, 1, 1, 1, 1, 1, 1, 1, 1, 1, 1, 1, 1, 1, 1, 1, 1, 1, 1, 1]","[0, 1, 1, 1, 1, 0, 1, 1, 0, 1, 1, 1, 1, 1, 0, 1, 1, 1, 1, 1]","['musician', 'musicianLabel', 'genderLabel', 'birthDate', 'cityLabel', 'familyNameLabel', 'givenNameLabel', 'fatherLabel', 'motherLabel', 'partner', 'numberOfChildren', 'genreLabel', 'websiteLabel', 'residenceLabel', 'ethnicityLabel', 'religionLabel', 'activityStart', 'twitterNameLabel', 'geniusNameLabel', 'recordLabelLabel']","['musicianID', 'birthDate', 'webpage', 'familyName', 'musicianName', 'twitterUsername', 'city', 'geniusNameLabel', 'forename', 'spouse', 'recordCompany', 'fatherName', 'motherName', 'residence', 'kind', 'kickoff', 'ethnicity', 'religionLabel', 'NChildren', 'genderType']",0.8571428571428571,0.75,1.0
13153,Wikidata,musicians_unionable,Musicians,30,"[1, 1, 1, 1, 1, 1, 1, 1, 1, 1, 1, 1, 1, 1, 1, 1, 1, 1, 1, 1]","[0, 1, 1, 0, 1, 0, 1, 1, 0, 0, 1, 1, 1, 1, 0, 1, 1, 1, 1, 1]","['musician', 'musicianLabel', 'genderLabel', 'birthDate', 'cityLabel', 'familyNameLabel', 'givenNameLabel', 'fatherLabel', 'motherLabel', 'partner', 'numberOfChildren', 'genreLabel', 'websiteLabel', 'residenceLabel', 'ethnicityLabel', 'religionLabel', 'activityStart', 'twitterNameLabel', 'geniusNameLabel', 'recordLabelLabel']","['musicianID', 'birthDate', 'webpage', 'familyName', 'musicianName', 'twitterUsername', 'city', 'geniusNameLabel', 'forename', 'spouse', 'recordCompany', 'fatherName', 'motherName', 'residence', 'kind', 'kickoff', 'ethnicity', 'religionLabel', 'NChildren', 'genderType']",0.7096774193548387,0.55,1.0
13580,Wikidata,musicians_unionable,Musicians,31,"[1, 1, 1, 1, 1, 1, 1, 1, 1, 1, 1, 1, 1, 1, 1, 1, 1, 1, 1, 1]","[0, 1, 1, 1, 1, 0, 1, 1, 0, 1, 1, 1, 1, 1, 0, 1, 1, 1, 1, 1]","['musician', 'musicianLabel', 'genderLabel', 'birthDate', 'cityLabel', 'familyNameLabel', 'givenNameLabel', 'fatherLabel', 'motherLabel', 'partner', 'numberOfChildren', 'genreLabel', 'websiteLabel', 'residenceLabel', 'ethnicityLabel', 'religionLabel', 'activityStart', 'twitterNameLabel', 'geniusNameLabel', 'recordLabelLabel']","['musicianID', 'birthDate', 'webpage', 'familyName', 'musicianName', 'twitterUsername', 'city', 'geniusNameLabel', 'forename', 'spouse', 'recordCompany', 'fatherName', 'motherName', 'residence', 'kind', 'kickoff', 'ethnicity', 'religionLabel', 'NChildren', 'genderType']",0.5714285714285714,0.4,1.0
13954,Wikidata,musicians_unionable,Musicians,32,"[1, 1, 1, 1, 1, 1, 1, 1, 1, 1, 1, 1, 1, 1, 1, 1, 1, 1, 1, 1]","[0, 1, 1, 1, 1, 0, 1, 1, 0, 1, 1, 1, 1, 1, 1, 1, 1, 1, 1, 1]","['musician', 'musicianLabel', 'genderLabel', 'birthDate', 'cityLabel', 'familyNameLabel', 'givenNameLabel', 'fatherLabel', 'motherLabel', 'partner', 'numberOfChildren', 'genreLabel', 'websiteLabel', 'residenceLabel', 'ethnicityLabel', 'religionLabel', 'activityStart', 'twitterNameLabel', 'geniusNameLabel', 'recordLabelLabel']","['musicianID', 'birthDate', 'webpage', 'familyName', 'musicianName', 'twitterUsername', 'city', 'geniusNameLabel', 'forename', 'spouse', 'recordCompany', 'fatherName', 'motherName', 'residence', 'kind', 'kickoff', 'ethnicity', 'religionLabel', 'NChildren', 'genderType']",0.7878787878787878,0.65,1.0
14719,Wikidata,musicians_unionable,Musicians,33,"[1, 1, 1, 1, 1, 1, 1, 1, 1, 1, 1, 1, 1, 1, 1, 1, 1, 1, 1, 1]","[0, 1, 1, 1, 1, 0, 1, 1, 0, 1, 1, 1, 1, 1, 1, 1, 1, 1, 1, 1]","['musician', 'musicianLabel', 'genderLabel', 'birthDate', 'cityLabel', 'familyNameLabel', 'givenNameLabel', 'fatherLabel', 'motherLabel', 'partner', 'numberOfChildren', 'genreLabel', 'websiteLabel', 'residenceLabel', 'ethnicityLabel', 'religionLabel', 'activityStart', 'twitterNameLabel', 'geniusNameLabel', 'recordLabelLabel']","['musicianID', 'birthDate', 'webpage', 'familyName', 'musicianName', 'twitterUsername', 'geniusNameLabel', 'city', 'forename', 'spouse', 'recordCompany', 'fatherName', 'motherName', 'residence', 'kind', 'kickoff', 'ethnicity', 'religionLabel', 'NChildren', 'genderType']",0.46153846153846156,0.3,1.0
14950,Wikidata,musicians_unionable,Musicians,34,"[1, 1, 1, 1, 1, 1, 1, 1, 1, 1, 1, 1, 1, 1, 1, 1, 1, 1, 1, 1]","[0, 1, 1, 0, 1, 0, 1, 1, 0, 0, 1, 1, 1, 1, 0, 1, 1, 1, 1, 1]","['musician', 'musicianLabel', 'genderLabel', 'birthDate', 'cityLabel', 'familyNameLabel', 'givenNameLabel', 'fatherLabel', 'motherLabel', 'partner', 'numberOfChildren', 'genreLabel', 'websiteLabel', 'residenceLabel', 'ethnicityLabel', 'religionLabel', 'activityStart', 'twitterNameLabel', 'geniusNameLabel', 'recordLabelLabel']","['musicianID', 'birthDate', 'webpage', 'familyName', 'musicianName', 'twitterUsername', 'geniusNameLabel', 'city', 'forename', 'spouse', 'recordCompany', 'fatherName', 'motherName', 'residence', 'kind', 'kickoff', 'ethnicity', 'religionLabel', 'NChildren', 'genderType']",0.5185185185185185,0.35,1.0
15494,Wikidata,musicians_unionable,Musicians,35,"[1, 1, 1, 1, 1, 1, 1, 1, 1, 1, 1, 1, 1, 1, 1, 1, 1, 1, 1, 1]","[0, 1, 1, 1, 1, 0, 1, 1, 0, 1, 1, 1, 1, 1, 0, 1, 1, 1, 1, 1]","['musician', 'musicianLabel', 'genderLabel', 'birthDate', 'cityLabel', 'familyNameLabel', 'givenNameLabel', 'fatherLabel', 'motherLabel', 'partner', 'numberOfChildren', 'genreLabel', 'websiteLabel', 'residenceLabel', 'ethnicityLabel', 'religionLabel', 'activityStart', 'twitterNameLabel', 'geniusNameLabel', 'recordLabelLabel']","['musicianID', 'birthDate', 'webpage', 'familyName', 'musicianName', 'twitterUsername', 'geniusNameLabel', 'city', 'forename', 'spouse', 'recordCompany', 'fatherName', 'motherName', 'residence', 'kind', 'kickoff', 'ethnicity', 'religionLabel', 'NChildren', 'genderType']",0.46153846153846156,0.3,1.0
15781,Wikidata,musicians_unionable,Musicians,36,"[1, 1, 1, 1, 1, 1, 1, 1, 1, 1, 1, 1, 1, 1, 1, 1, 1, 1, 1, 1]","[0, 1, 1, 0, 1, 0, 1, 1, 0, 0, 1, 1, 1, 1, 0, 1, 1, 1, 1, 1]","['musician', 'musicianLabel', 'genderLabel', 'birthDate', 'cityLabel', 'familyNameLabel', 'givenNameLabel', 'fatherLabel', 'motherLabel', 'partner', 'numberOfChildren', 'genreLabel', 'websiteLabel', 'residenceLabel', 'ethnicityLabel', 'religionLabel', 'activityStart', 'twitterNameLabel', 'geniusNameLabel', 'recordLabelLabel']","['musicianID', 'birthDate', 'webpage', 'familyName', 'musicianName', 'twitterUsername', 'geniusNameLabel', 'city', 'forename', 'spouse', 'recordCompany', 'fatherName', 'motherName', 'residence', 'kind', 'kickoff', 'ethnicity', 'religionLabel', 'NChildren', 'genderType']",0.4,0.25,1.0
16284,Wikidata,musicians_unionable,Musicians,37,"[1, 1, 1, 1, 1, 1, 1, 1, 1, 1, 1, 1, 1, 1, 1, 1, 1, 1, 1, 1]","[0, 1, 1, 1, 1, 0, 1, 1, 0, 1, 1, 1, 1, 1, 0, 1, 1, 1, 1, 1]","['musician', 'musicianLabel', 'genderLabel', 'birthDate', 'cityLabel', 'familyNameLabel', 'givenNameLabel', 'fatherLabel', 'motherLabel', 'partner', 'numberOfChildren', 'genreLabel', 'websiteLabel', 'residenceLabel', 'ethnicityLabel', 'religionLabel', 'activityStart', 'twitterNameLabel', 'geniusNameLabel', 'recordLabelLabel']","['musicianID', 'birthDate', 'webpage', 'familyName', 'musicianName', 'twitterUsername', 'geniusNameLabel', 'city', 'forename', 'spouse', 'recordCompany', 'fatherName', 'motherName', 'residence', 'kind', 'kickoff', 'ethnicity', 'religionLabel', 'NChildren', 'genderType']",0.4,0.25,1.0
16709,Wikidata,musicians_unionable,Musicians,38,"[1, 1, 1, 1, 1, 1, 1, 1, 1, 1, 1, 1, 1, 1, 1, 1, 1, 1, 1, 1]","[0, 1, 1, 0, 1, 0, 1, 1, 0, 0, 1, 1, 1, 1, 0, 1, 1, 1, 1, 1]","['musician', 'musicianLabel', 'genderLabel', 'birthDate', 'cityLabel', 'familyNameLabel', 'givenNameLabel', 'fatherLabel', 'motherLabel', 'partner', 'numberOfChildren', 'genreLabel', 'websiteLabel', 'residenceLabel', 'ethnicityLabel', 'religionLabel', 'activityStart', 'twitterNameLabel', 'geniusNameLabel', 'recordLabelLabel']","['musicianID', 'birthDate', 'webpage', 'familyName', 'musicianName', 'twitterUsername', 'city', 'geniusNameLabel', 'forename', 'spouse', 'recordCompany', 'fatherName', 'motherName', 'residence', 'kind', 'kickoff', 'ethnicity', 'religionLabel', 'NChildren', 'genderType']",0.7096774193548387,0.55,1.0
17082,Wikidata,musicians_unionable,Musicians,39,"[1, 1, 1, 1, 1, 1, 1, 1, 1, 1, 1, 1, 1, 1, 1, 1, 1, 1, 1, 1]","[0, 1, 1, 1, 1, 0, 1, 1, 0, 1, 1, 1, 1, 1, 0, 1, 1, 1, 1, 1]","['musician', 'musicianLabel', 'genderLabel', 'birthDate', 'cityLabel', 'familyNameLabel', 'givenNameLabel', 'fatherLabel', 'motherLabel', 'partner', 'numberOfChildren', 'genreLabel', 'websiteLabel', 'residenceLabel', 'ethnicityLabel', 'religionLabel', 'activityStart', 'twitterNameLabel', 'geniusNameLabel', 'recordLabelLabel']","['musicianID', 'birthDate', 'webpage', 'familyName', 'musicianName', 'twitterUsername', 'geniusNameLabel', 'city', 'forename', 'spouse', 'recordCompany', 'fatherName', 'motherName', 'residence', 'kind', 'kickoff', 'ethnicity', 'religionLabel', 'NChildren', 'genderType']",0.8235294117647058,0.7,1.0
17754,Wikidata,musicians_unionable,Musicians,40,"[1, 1, 1, 1, 1, 1, 1, 1, 1, 1, 1, 1, 1, 1, 1, 1, 1, 1, 1, 1]","[0, 1, 1, 1, 1, 0, 1, 1, 0, 1, 1, 1, 1, 1, 1, 1, 1, 1, 1, 1]","['musician', 'musicianLabel', 'genderLabel', 'birthDate', 'cityLabel', 'familyNameLabel', 'givenNameLabel', 'fatherLabel', 'motherLabel', 'partner', 'numberOfChildren', 'genreLabel', 'websiteLabel', 'residenceLabel', 'ethnicityLabel', 'religionLabel', 'activityStart', 'twitterNameLabel', 'geniusNameLabel', 'recordLabelLabel']","['musicianID', 'birthDate', 'webpage', 'familyName', 'musicianName', 'twitterUsername', 'city', 'geniusNameLabel', 'forename', 'spouse', 'recordCompany', 'fatherName', 'motherName', 'residence', 'kind', 'kickoff', 'ethnicity', 'religionLabel', 'NChildren', 'genderType']",0.5185185185185185,0.35,1.0
18174,Wikidata,musicians_unionable,Musicians,41,"[1, 1, 1, 1, 1, 1, 1, 1, 1, 1, 1, 1, 1, 1, 1, 1, 1, 1, 1, 1]","[0, 1, 1, 1, 1, 0, 1, 1, 0, 1, 1, 1, 1, 1, 0, 1, 1, 1, 1, 1]","['musician', 'musicianLabel', 'genderLabel', 'birthDate', 'cityLabel', 'familyNameLabel', 'givenNameLabel', 'fatherLabel', 'motherLabel', 'partner', 'numberOfChildren', 'genreLabel', 'websiteLabel', 'residenceLabel', 'ethnicityLabel', 'religionLabel', 'activityStart', 'twitterNameLabel', 'geniusNameLabel', 'recordLabelLabel']","['musicianID', 'birthDate', 'webpage', 'familyName', 'musicianName', 'twitterUsername', 'city', 'geniusNameLabel', 'forename', 'spouse', 'recordCompany', 'fatherName', 'motherName', 'residence', 'kind', 'kickoff', 'ethnicity', 'religionLabel', 'NChildren', 'genderType']",0.5185185185185185,0.35,1.0
18334,Wikidata,musicians_unionable,Musicians,42,"[1, 1, 1, 1, 1, 1, 1, 1, 1, 1, 1, 1, 1, 1, 1, 1, 1, 1, 1, 1]","[0, 1, 1, 0, 1, 0, 1, 1, 0, 0, 1, 1, 1, 1, 0, 1, 1, 1, 1, 1]","['musician', 'musicianLabel', 'genderLabel', 'birthDate', 'cityLabel', 'familyNameLabel', 'givenNameLabel', 'fatherLabel', 'motherLabel', 'partner', 'numberOfChildren', 'genreLabel', 'websiteLabel', 'residenceLabel', 'ethnicityLabel', 'religionLabel', 'activityStart', 'twitterNameLabel', 'geniusNameLabel', 'recordLabelLabel']","['musicianID', 'birthDate', 'webpage', 'familyName', 'musicianName', 'twitterUsername', 'city', 'geniusNameLabel', 'forename', 'spouse', 'recordCompany', 'fatherName', 'motherName', 'residence', 'kind', 'kickoff', 'ethnicity', 'religionLabel', 'NChildren', 'genderType']",0.5714285714285714,0.4,1.0
18682,Wikidata,musicians_unionable,Musicians,43,"[1, 1, 1, 1, 1, 1, 1, 1, 1, 1, 1, 1, 1, 1, 1, 1, 1, 1, 1, 1]","[0, 1, 1, 1, 1, 0, 1, 1, 0, 1, 1, 1, 1, 1, 0, 1, 1, 1, 1, 1]","['musician', 'musicianLabel', 'genderLabel', 'birthDate', 'cityLabel', 'familyNameLabel', 'givenNameLabel', 'fatherLabel', 'motherLabel', 'partner', 'numberOfChildren', 'genreLabel', 'websiteLabel', 'residenceLabel', 'ethnicityLabel', 'religionLabel', 'activityStart', 'twitterNameLabel', 'geniusNameLabel', 'recordLabelLabel']","['musicianID', 'birthDate', 'webpage', 'familyName', 'musicianName', 'twitterUsername', 'city', 'geniusNameLabel', 'forename', 'spouse', 'recordCompany', 'fatherName', 'motherName', 'residence', 'kind', 'kickoff', 'ethnicity', 'religionLabel', 'NChildren', 'genderType']",0.6666666666666666,0.5,1.0
19471,Wikidata,musicians_unionable,Musicians,44,"[1, 1, 1, 1, 1, 1, 1, 1, 1, 1, 1, 1, 1, 1, 1, 1, 1, 1, 1, 1]","[0, 1, 1, 0, 1, 0, 1, 1, 0, 0, 1, 1, 1, 1, 0, 1, 1, 1, 1, 1]","['musician', 'musicianLabel', 'genderLabel', 'birthDate', 'cityLabel', 'familyNameLabel', 'givenNameLabel', 'fatherLabel', 'motherLabel', 'partner', 'numberOfChildren', 'genreLabel', 'websiteLabel', 'residenceLabel', 'ethnicityLabel', 'religionLabel', 'activityStart', 'twitterNameLabel', 'geniusNameLabel', 'recordLabelLabel']","['musicianID', 'birthDate', 'webpage', 'familyName', 'musicianName', 'twitterUsername', 'city', 'geniusNameLabel', 'forename', 'spouse', 'recordCompany', 'fatherName', 'motherName', 'residence', 'kind', 'kickoff', 'ethnicity', 'religionLabel', 'NChildren', 'genderType']",0.5185185185185185,0.35,1.0
19945,Wikidata,musicians_unionable,Musicians,45,"[1, 1, 1, 1, 1, 1, 1, 1, 1, 1, 1, 1, 1, 1, 1, 1, 1, 1, 1, 1]","[0, 1, 1, 1, 1, 0, 1, 1, 0, 1, 1, 1, 1, 1, 0, 1, 1, 1, 1, 1]","['musician', 'musicianLabel', 'genderLabel', 'birthDate', 'cityLabel', 'familyNameLabel', 'givenNameLabel', 'fatherLabel', 'motherLabel', 'partner', 'numberOfChildren', 'genreLabel', 'websiteLabel', 'residenceLabel', 'ethnicityLabel', 'religionLabel', 'activityStart', 'twitterNameLabel', 'geniusNameLabel', 'recordLabelLabel']","['musicianID', 'birthDate', 'webpage', 'familyName', 'musicianName', 'twitterUsername', 'city', 'geniusNameLabel', 'forename', 'spouse', 'recordCompany', 'fatherName', 'motherName', 'residence', 'kind', 'kickoff', 'ethnicity', 'religionLabel', 'NChildren', 'genderType']",0.2608695652173913,0.15,1.0
20234,Wikidata,musicians_unionable,Musicians,46,"[1, 1, 1, 1, 1, 1, 1, 1, 1, 1, 1, 1, 1, 1, 1, 1, 1, 1, 1, 1]","[0, 1, 1, 0, 1, 0, 1, 1, 0, 0, 1, 1, 1, 1, 0, 1, 1, 1, 1, 1]","['musician', 'musicianLabel', 'genderLabel', 'birthDate', 'cityLabel', 'familyNameLabel', 'givenNameLabel', 'fatherLabel', 'motherLabel', 'partner', 'numberOfChildren', 'genreLabel', 'websiteLabel', 'residenceLabel', 'ethnicityLabel', 'religionLabel', 'activityStart', 'twitterNameLabel', 'geniusNameLabel', 'recordLabelLabel']","['musicianID', 'birthDate', 'webpage', 'familyName', 'musicianName', 'twitterUsername', 'city', 'geniusNameLabel', 'forename', 'spouse', 'recordCompany', 'fatherName', 'motherName', 'residence', 'kind', 'kickoff', 'ethnicity', 'religionLabel', 'NChildren', 'genderType']",0.4,0.25,1.0
20746,Wikidata,musicians_unionable,Musicians,47,"[1, 1, 1, 1, 1, 1, 1, 1, 1, 1, 1, 1, 1, 1, 1, 1, 1, 1, 1, 1]","[0, 1, 1, 1, 1, 0, 1, 1, 0, 1, 1, 1, 1, 1, 0, 1, 1, 1, 1, 1]","['musician', 'musicianLabel', 'genderLabel', 'birthDate', 'cityLabel', 'familyNameLabel', 'givenNameLabel', 'fatherLabel', 'motherLabel', 'partner', 'numberOfChildren', 'genreLabel', 'websiteLabel', 'residenceLabel', 'ethnicityLabel', 'religionLabel', 'activityStart', 'twitterNameLabel', 'geniusNameLabel', 'recordLabelLabel']","['musicianID', 'birthDate', 'webpage', 'familyName', 'musicianName', 'twitterUsername', 'city', 'geniusNameLabel', 'forename', 'spouse', 'recordCompany', 'fatherName', 'motherName', 'residence', 'kind', 'kickoff', 'ethnicity', 'religionLabel', 'NChildren', 'genderType']",0.7096774193548387,0.55,1.0
21272,Wikidata,musicians_unionable,Musicians,48,"[1, 1, 1, 1, 1, 1, 1, 1, 1, 1, 1, 1, 1, 1, 1, 1, 1, 1, 1, 1]","[0, 1, 1, 1, 1, 0, 1, 1, 0, 1, 1, 1, 1, 1, 1, 1, 1, 1, 1, 1]","['musician', 'musicianLabel', 'genderLabel', 'birthDate', 'cityLabel', 'familyNameLabel', 'givenNameLabel', 'fatherLabel', 'motherLabel', 'partner', 'numberOfChildren', 'genreLabel', 'websiteLabel', 'residenceLabel', 'ethnicityLabel', 'religionLabel', 'activityStart', 'twitterNameLabel', 'geniusNameLabel', 'recordLabelLabel']","['musicianID', 'birthDate', 'webpage', 'familyName', 'musicianName', 'twitterUsername', 'city', 'geniusNameLabel', 'forename', 'spouse', 'recordCompany', 'fatherName', 'motherName', 'residence', 'kind', 'kickoff', 'ethnicity', 'religionLabel', 'NChildren', 'genderType']",0.46153846153846156,0.3,1.0
21672,Wikidata,musicians_unionable,Musicians,49,"[1, 1, 1, 1, 1, 1, 1, 1, 1, 1, 1, 1, 1, 1, 1, 1, 1, 1, 1, 1]","[0, 1, 1, 1, 1, 0, 1, 1, 0, 1, 1, 1, 1, 1, 0, 1, 1, 1, 1, 1]","['musician', 'musicianLabel', 'genderLabel', 'birthDate', 'cityLabel', 'familyNameLabel', 'givenNameLabel', 'fatherLabel', 'motherLabel', 'partner', 'numberOfChildren', 'genreLabel', 'websiteLabel', 'residenceLabel', 'ethnicityLabel', 'religionLabel', 'activityStart', 'twitterNameLabel', 'geniusNameLabel', 'recordLabelLabel']","['musicianID', 'birthDate', 'webpage', 'familyName', 'musicianName', 'twitterUsername', 'city', 'geniusNameLabel', 'forename', 'spouse', 'recordCompany', 'fatherName', 'motherName', 'residence', 'kind', 'kickoff', 'ethnicity', 'religionLabel', 'NChildren', 'genderType']",0.2608695652173913,0.15,1.0
21931,Wikidata,musicians_unionable,Musicians,50,"[1, 1, 1, 1, 1, 1, 1, 1, 1, 1, 1, 1, 1, 1, 1, 1, 1, 1, 1, 1]","[0, 1, 1, 0, 1, 0, 1, 1, 0, 0, 1, 1, 1, 1, 0, 1, 1, 1, 1, 1]","['musician', 'musicianLabel', 'genderLabel', 'birthDate', 'cityLabel', 'familyNameLabel', 'givenNameLabel', 'fatherLabel', 'motherLabel', 'partner', 'numberOfChildren', 'genreLabel', 'websiteLabel', 'residenceLabel', 'ethnicityLabel', 'religionLabel', 'activityStart', 'twitterNameLabel', 'geniusNameLabel', 'recordLabelLabel']","['musicianID', 'birthDate', 'webpage', 'familyName', 'musicianName', 'twitterUsername', 'city', 'geniusNameLabel', 'forename', 'spouse', 'recordCompany', 'fatherName', 'motherName', 'residence', 'kind', 'kickoff', 'ethnicity', 'religionLabel', 'NChildren', 'genderType']",0.7096774193548387,0.55,1.0
22482,Wikidata,musicians_unionable,Musicians,51,"[1, 1, 1, 1, 1, 1, 1, 1, 1, 1, 1, 1, 1, 1, 1, 1, 1, 1, 1, 1]","[0, 1, 1, 1, 1, 0, 1, 1, 0, 1, 1, 1, 1, 1, 0, 1, 1, 1, 1, 1]","['musician', 'musicianLabel', 'genderLabel', 'birthDate', 'cityLabel', 'familyNameLabel', 'givenNameLabel', 'fatherLabel', 'motherLabel', 'partner', 'numberOfChildren', 'genreLabel', 'websiteLabel', 'residenceLabel', 'ethnicityLabel', 'religionLabel', 'activityStart', 'twitterNameLabel', 'geniusNameLabel', 'recordLabelLabel']","['musicianID', 'birthDate', 'webpage', 'familyName', 'musicianName', 'twitterUsername', 'city', 'geniusNameLabel', 'forename', 'spouse', 'recordCompany', 'fatherName', 'motherName', 'residence', 'kind', 'kickoff', 'ethnicity', 'religionLabel', 'NChildren', 'genderType']",0.3333333333333333,0.2,1.0
22961,Wikidata,musicians_unionable,Musicians,52,"[1, 1, 1, 1, 1, 1, 1, 1, 1, 1, 1, 1, 1, 1, 1, 1, 1, 1, 1, 1]","[0, 1, 1, 0, 1, 0, 1, 1, 0, 0, 1, 1, 1, 1, 0, 1, 1, 1, 1, 1]","['musician', 'musicianLabel', 'genderLabel', 'birthDate', 'cityLabel', 'familyNameLabel', 'givenNameLabel', 'fatherLabel', 'motherLabel', 'partner', 'numberOfChildren', 'genreLabel', 'websiteLabel', 'residenceLabel', 'ethnicityLabel', 'religionLabel', 'activityStart', 'twitterNameLabel', 'geniusNameLabel', 'recordLabelLabel']","['musicianID', 'birthDate', 'webpage', 'familyName', 'musicianName', 'twitterUsername', 'city', 'geniusNameLabel', 'forename', 'spouse', 'recordCompany', 'fatherName', 'motherName', 'residence', 'kind', 'kickoff', 'ethnicity', 'religionLabel', 'NChildren', 'genderType']",0.4,0.25,1.0
23017,Wikidata,musicians_unionable,Musicians,53,"[1, 1, 1, 1, 1, 1, 1, 1, 1, 1, 1, 1, 1, 1, 1, 1, 1, 1, 1, 1]","[0, 1, 1, 1, 1, 0, 1, 1, 0, 1, 1, 1, 1, 1, 0, 1, 1, 1, 1, 1]","['musician', 'musicianLabel', 'genderLabel', 'birthDate', 'cityLabel', 'familyNameLabel', 'givenNameLabel', 'fatherLabel', 'motherLabel', 'partner', 'numberOfChildren', 'genreLabel', 'websiteLabel', 'residenceLabel', 'ethnicityLabel', 'religionLabel', 'activityStart', 'twitterNameLabel', 'geniusNameLabel', 'recordLabelLabel']","['musicianID', 'birthDate', 'webpage', 'familyName', 'musicianName', 'twitterUsername', 'city', 'geniusNameLabel', 'forename', 'spouse', 'recordCompany', 'fatherName', 'motherName', 'residence', 'kind', 'kickoff', 'ethnicity', 'religionLabel', 'NChildren', 'genderType']",0.8888888888888888,0.8,1.0
23658,Wikidata,musicians_unionable,Musicians,54,"[1, 1, 1, 1, 1, 1, 1, 1, 1, 1, 1, 1, 1, 1, 1, 1, 1, 1, 1, 1]","[0, 1, 1, 0, 1, 0, 1, 1, 0, 0, 1, 1, 1, 1, 0, 1, 1, 1, 1, 1]","['musician', 'musicianLabel', 'genderLabel', 'birthDate', 'cityLabel', 'familyNameLabel', 'givenNameLabel', 'fatherLabel', 'motherLabel', 'partner', 'numberOfChildren', 'genreLabel', 'websiteLabel', 'residenceLabel', 'ethnicityLabel', 'religionLabel', 'activityStart', 'twitterNameLabel', 'geniusNameLabel', 'recordLabelLabel']","['musicianID', 'birthDate', 'webpage', 'familyName', 'musicianName', 'twitterUsername', 'city', 'geniusNameLabel', 'forename', 'spouse', 'recordCompany', 'fatherName', 'motherName', 'residence', 'kind', 'kickoff', 'ethnicity', 'religionLabel', 'NChildren', 'genderType']",0.3333333333333333,0.2,1.0
23922,Wikidata,musicians_unionable,Musicians,55,"[1, 1, 1, 1, 1, 1, 1, 1, 1, 1, 1, 1, 1, 1, 1, 1, 1, 1, 1, 1]","[0, 1, 1, 1, 1, 0, 1, 1, 0, 1, 1, 1, 1, 1, 0, 1, 1, 1, 1, 1]","['musician', 'musicianLabel', 'genderLabel', 'birthDate', 'cityLabel', 'familyNameLabel', 'givenNameLabel', 'fatherLabel', 'motherLabel', 'partner', 'numberOfChildren', 'genreLabel', 'websiteLabel', 'residenceLabel', 'ethnicityLabel', 'religionLabel', 'activityStart', 'twitterNameLabel', 'geniusNameLabel', 'recordLabelLabel']","['musicianID', 'birthDate', 'webpage', 'familyName', 'musicianName', 'twitterUsername', 'city', 'geniusNameLabel', 'forename', 'spouse', 'recordCompany', 'fatherName', 'motherName', 'residence', 'kind', 'kickoff', 'ethnicity', 'religionLabel', 'NChildren', 'genderType']",0.46153846153846156,0.3,1.0
24432,Wikidata,musicians_unionable,Musicians,56,"[1, 1, 1, 1, 1, 1, 1, 1, 1, 1, 1, 1, 1, 1, 1, 1, 1, 1, 1, 1]","[0, 1, 1, 0, 1, 0, 1, 1, 0, 1, 1, 1, 1, 1, 1, 1, 1, 1, 1, 1]","['musician', 'musicianLabel', 'genderLabel', 'birthDate', 'cityLabel', 'familyNameLabel', 'givenNameLabel', 'fatherLabel', 'motherLabel', 'partner', 'numberOfChildren', 'genreLabel', 'websiteLabel', 'residenceLabel', 'ethnicityLabel', 'religionLabel', 'activityStart', 'twitterNameLabel', 'geniusNameLabel', 'recordLabelLabel']","['musicianID', 'birthDate', 'webpage', 'familyName', 'musicianName', 'twitterUsername', 'city', 'geniusNameLabel', 'forename', 'spouse', 'recordCompany', 'fatherName', 'motherName', 'residence', 'kind', 'kickoff', 'ethnicity', 'religionLabel', 'NChildren', 'genderType']",0.46153846153846156,0.3,1.0
25059,Wikidata,musicians_unionable,Musicians,57,"[1, 1, 1, 1, 1, 1, 1, 1, 1, 1, 1, 1, 1, 1, 1, 1, 1, 1, 1, 1]","[0, 1, 1, 1, 1, 0, 1, 1, 0, 1, 1, 1, 1, 1, 0, 1, 1, 1, 1, 1]","['musician', 'musicianLabel', 'genderLabel', 'birthDate', 'cityLabel', 'familyNameLabel', 'givenNameLabel', 'fatherLabel', 'motherLabel', 'partner', 'numberOfChildren', 'genreLabel', 'websiteLabel', 'residenceLabel', 'ethnicityLabel', 'religionLabel', 'activityStart', 'twitterNameLabel', 'geniusNameLabel', 'recordLabelLabel']","['musicianID', 'birthDate', 'webpage', 'familyName', 'musicianName', 'twitterUsername', 'city', 'geniusNameLabel', 'forename', 'spouse', 'recordCompany', 'fatherName', 'motherName', 'residence', 'kind', 'kickoff', 'ethnicity', 'religionLabel', 'NChildren', 'genderType']",0.918918918918919,0.85,1.0
25512,Wikidata,musicians_unionable,Musicians,58,"[1, 1, 1, 1, 1, 1, 1, 1, 1, 1, 1, 1, 1, 1, 1, 1, 1, 1, 1, 1]","[0, 1, 1, 0, 1, 0, 1, 1, 0, 0, 1, 1, 1, 1, 0, 1, 1, 1, 1, 1]","['musician', 'musicianLabel', 'genderLabel', 'birthDate', 'cityLabel', 'familyNameLabel', 'givenNameLabel', 'fatherLabel', 'motherLabel', 'partner', 'numberOfChildren', 'genreLabel', 'websiteLabel', 'residenceLabel', 'ethnicityLabel', 'religionLabel', 'activityStart', 'twitterNameLabel', 'geniusNameLabel', 'recordLabelLabel']","['musicianID', 'birthDate', 'webpage', 'familyName', 'musicianName', 'twitterUsername', 'city', 'geniusNameLabel', 'forename', 'spouse', 'recordCompany', 'fatherName', 'motherName', 'residence', 'kind', 'kickoff', 'ethnicity', 'religionLabel', 'NChildren', 'genderType']",0.46153846153846156,0.3,1.0
25645,Wikidata,musicians_unionable,Musicians,59,"[1, 1, 1, 1, 1, 1, 1, 1, 1, 1, 1, 1, 1, 1, 1, 1, 1, 1, 1, 1]","[0, 1, 1, 1, 1, 0, 1, 1, 0, 1, 1, 1, 1, 1, 0, 1, 1, 1, 1, 1]","['musician', 'musicianLabel', 'genderLabel', 'birthDate', 'cityLabel', 'familyNameLabel', 'givenNameLabel', 'fatherLabel', 'motherLabel', 'partner', 'numberOfChildren', 'genreLabel', 'websiteLabel', 'residenceLabel', 'ethnicityLabel', 'religionLabel', 'activityStart', 'twitterNameLabel', 'geniusNameLabel', 'recordLabelLabel']","['musicianID', 'birthDate', 'webpage', 'familyName', 'musicianName', 'twitterUsername', 'city', 'geniusNameLabel', 'forename', 'spouse', 'recordCompany', 'fatherName', 'motherName', 'residence', 'kind', 'kickoff', 'ethnicity', 'religionLabel', 'NChildren', 'genderType']",0.46153846153846156,0.3,1.0
26172,Wikidata,musicians_unionable,Musicians,60,"[1, 1, 1, 1, 1, 1, 1, 1, 1, 1, 1, 1, 1, 1, 1, 1, 1, 1, 1, 1]","[0, 1, 1, 0, 1, 0, 1, 1, 0, 0, 1, 1, 1, 1, 0, 1, 1, 1, 1, 1]","['musician', 'musicianLabel', 'genderLabel', 'birthDate', 'cityLabel', 'familyNameLabel', 'givenNameLabel', 'fatherLabel', 'motherLabel', 'partner', 'numberOfChildren', 'genreLabel', 'websiteLabel', 'residenceLabel', 'ethnicityLabel', 'religionLabel', 'activityStart', 'twitterNameLabel', 'geniusNameLabel', 'recordLabelLabel']","['musicianID', 'birthDate', 'webpage', 'familyName', 'musicianName', 'twitterUsername', 'geniusNameLabel', 'city', 'forename', 'spouse', 'recordCompany', 'fatherName', 'motherName', 'residence', 'kind', 'kickoff', 'ethnicity', 'religionLabel', 'NChildren', 'genderType']",0.4,0.25,1.0
26480,Wikidata,musicians_unionable,Musicians,61,"[1, 1, 1, 1, 1, 1, 1, 1, 1, 1, 1, 1, 1, 1, 1, 1, 1, 1, 1, 1]","[0, 1, 1, 1, 1, 0, 1, 1, 0, 1, 1, 1, 1, 1, 0, 1, 1, 1, 1, 1]","['musician', 'musicianLabel', 'genderLabel', 'birthDate', 'cityLabel', 'familyNameLabel', 'givenNameLabel', 'fatherLabel', 'motherLabel', 'partner', 'numberOfChildren', 'genreLabel', 'websiteLabel', 'residenceLabel', 'ethnicityLabel', 'religionLabel', 'activityStart', 'twitterNameLabel', 'geniusNameLabel', 'recordLabelLabel']","['musicianID', 'birthDate', 'webpage', 'familyName', 'musicianName', 'twitterUsername', 'city', 'geniusNameLabel', 'forename', 'spouse', 'recordCompany', 'fatherName', 'motherName', 'residence', 'kind', 'kickoff', 'ethnicity', 'religionLabel', 'NChildren', 'genderType']",0.6666666666666666,0.5,1.0
26917,Wikidata,musicians_unionable,Musicians,62,"[1, 1, 1, 1, 1, 1, 1, 1, 1, 1, 1, 1, 1, 1, 1, 1, 1, 1, 1, 1]","[0, 1, 1, 0, 1, 0, 1, 1, 0, 0, 1, 1, 1, 1, 0, 1, 1, 1, 1, 1]","['musician', 'musicianLabel', 'genderLabel', 'birthDate', 'cityLabel', 'familyNameLabel', 'givenNameLabel', 'fatherLabel', 'motherLabel', 'partner', 'numberOfChildren', 'genreLabel', 'websiteLabel', 'residenceLabel', 'ethnicityLabel', 'religionLabel', 'activityStart', 'twitterNameLabel', 'geniusNameLabel', 'recordLabelLabel']","['musicianID', 'birthDate', 'webpage', 'familyName', 'musicianName', 'twitterUsername', 'city', 'geniusNameLabel', 'forename', 'spouse', 'recordCompany', 'fatherName', 'motherName', 'residence', 'kind', 'kickoff', 'ethnicity', 'religionLabel', 'NChildren', 'genderType']",0.7096774193548387,0.55,1.0
27520,Wikidata,musicians_unionable,Musicians,63,"[1, 1, 1, 1, 1, 1, 1, 1, 1, 1, 1, 1, 1, 1, 1, 1, 1, 1, 1, 1]","[0, 1, 1, 1, 1, 0, 1, 1, 0, 1, 1, 1, 1, 1, 0, 1, 1, 1, 1, 1]","['musician', 'musicianLabel', 'genderLabel', 'birthDate', 'cityLabel', 'familyNameLabel', 'givenNameLabel', 'fatherLabel', 'motherLabel', 'partner', 'numberOfChildren', 'genreLabel', 'websiteLabel', 'residenceLabel', 'ethnicityLabel', 'religionLabel', 'activityStart', 'twitterNameLabel', 'geniusNameLabel', 'recordLabelLabel']","['musicianID', 'birthDate', 'webpage', 'familyName', 'musicianName', 'twitterUsername', 'city', 'geniusNameLabel', 'forename', 'spouse', 'recordCompany', 'fatherName', 'motherName', 'residence', 'kind', 'kickoff', 'ethnicity', 'religionLabel', 'NChildren', 'genderType']",0.46153846153846156,0.3,1.0
27917,Wikidata,musicians_unionable,Musicians,64,"[1, 1, 1, 1, 1, 1, 1, 1, 1, 1, 1, 1, 1, 1, 1, 1, 1, 1, 1, 1]","[0, 1, 1, 1, 1, 0, 1, 1, 1, 1, 1, 1, 1, 1, 1, 1, 1, 1, 1, 1]","['musician', 'musicianLabel', 'genderLabel', 'birthDate', 'cityLabel', 'familyNameLabel', 'givenNameLabel', 'fatherLabel', 'motherLabel', 'partner', 'numberOfChildren', 'genreLabel', 'websiteLabel', 'residenceLabel', 'ethnicityLabel', 'religionLabel', 'activityStart', 'twitterNameLabel', 'geniusNameLabel', 'recordLabelLabel']","['musicianID', 'birthDate', 'webpage', 'familyName', 'musicianName', 'twitterUsername', 'geniusNameLabel', 'city', 'forename', 'spouse', 'recordCompany', 'fatherName', 'motherName', 'residence', 'kind', 'kickoff', 'ethnicity', 'religionLabel', 'NChildren', 'genderType']",0.46153846153846156,0.3,1.0
28536,Wikidata,musicians_unionable,Musicians,65,"[1, 1, 1, 1, 1, 1, 1, 1, 1, 1, 1, 1, 1, 1, 1, 1, 1, 1, 1, 1]","[0, 1, 1, 1, 1, 0, 1, 1, 0, 1, 1, 1, 1, 1, 1, 1, 1, 1, 1, 1]","['musician', 'musicianLabel', 'genderLabel', 'birthDate', 'cityLabel', 'familyNameLabel', 'givenNameLabel', 'fatherLabel', 'motherLabel', 'partner', 'numberOfChildren', 'genreLabel', 'websiteLabel', 'residenceLabel', 'ethnicityLabel', 'religionLabel', 'activityStart', 'twitterNameLabel', 'geniusNameLabel', 'recordLabelLabel']","['musicianID', 'birthDate', 'webpage', 'familyName', 'musicianName', 'twitterUsername', 'city', 'geniusNameLabel', 'forename', 'spouse', 'recordCompany', 'fatherName', 'motherName', 'residence', 'kind', 'kickoff', 'ethnicity', 'religionLabel', 'NChildren', 'genderType']",0.7096774193548387,0.55,1.0
28725,Wikidata,musicians_unionable,Musicians,66,"[1, 1, 1, 1, 1, 1, 1, 1, 1, 1, 1, 1, 1, 1, 1, 1, 1, 1, 1, 1]","[0, 1, 1, 0, 1, 0, 1, 1, 0, 0, 1, 1, 1, 1, 0, 1, 1, 1, 1, 1]","['musician', 'musicianLabel', 'genderLabel', 'birthDate', 'cityLabel', 'familyNameLabel', 'givenNameLabel', 'fatherLabel', 'motherLabel', 'partner', 'numberOfChildren', 'genreLabel', 'websiteLabel', 'residenceLabel', 'ethnicityLabel', 'religionLabel', 'activityStart', 'twitterNameLabel', 'geniusNameLabel', 'recordLabelLabel']","['musicianID', 'birthDate', 'webpage', 'familyName', 'musicianName', 'twitterUsername', 'city', 'geniusNameLabel', 'forename', 'spouse', 'recordCompany', 'fatherName', 'motherName', 'residence', 'kind', 'kickoff', 'ethnicity', 'religionLabel', 'NChildren', 'genderType']",0.5185185185185185,0.35,1.0
29194,Wikidata,musicians_unionable,Musicians,67,"[1, 1, 1, 1, 1, 1, 1, 1, 1, 1, 1, 1, 1, 1, 1, 1, 1, 1, 1, 1]","[0, 1, 1, 1, 1, 0, 1, 1, 0, 1, 1, 1, 1, 1, 0, 1, 1, 1, 1, 1]","['musician', 'musicianLabel', 'genderLabel', 'birthDate', 'cityLabel', 'familyNameLabel', 'givenNameLabel', 'fatherLabel', 'motherLabel', 'partner', 'numberOfChildren', 'genreLabel', 'websiteLabel', 'residenceLabel', 'ethnicityLabel', 'religionLabel', 'activityStart', 'twitterNameLabel', 'geniusNameLabel', 'recordLabelLabel']","['musicianID', 'birthDate', 'webpage', 'familyName', 'musicianName', 'twitterUsername', 'city', 'geniusNameLabel', 'forename', 'spouse', 'recordCompany', 'fatherName', 'motherName', 'residence', 'kind', 'kickoff', 'ethnicity', 'religionLabel', 'NChildren', 'genderType']",0.6666666666666666,0.5,1.0
29875,Wikidata,musicians_unionable,Musicians,68,"[1, 1, 1, 1, 1, 1, 1, 1, 1, 1, 1, 1, 1, 1, 1, 1, 1, 1, 1, 1]","[0, 1, 1, 0, 1, 0, 1, 1, 0, 0, 1, 1, 1, 1, 0, 1, 1, 1, 1, 1]","['musician', 'musicianLabel', 'genderLabel', 'birthDate', 'cityLabel', 'familyNameLabel', 'givenNameLabel', 'fatherLabel', 'motherLabel', 'partner', 'numberOfChildren', 'genreLabel', 'websiteLabel', 'residenceLabel', 'ethnicityLabel', 'religionLabel', 'activityStart', 'twitterNameLabel', 'geniusNameLabel', 'recordLabelLabel']","['musicianID', 'birthDate', 'webpage', 'familyName', 'musicianName', 'twitterUsername', 'city', 'geniusNameLabel', 'forename', 'spouse', 'recordCompany', 'fatherName', 'motherName', 'residence', 'kind', 'kickoff', 'ethnicity', 'religionLabel', 'NChildren', 'genderType']",0.75,0.6,1.0
29958,Wikidata,musicians_unionable,Musicians,69,"[1, 1, 1, 1, 1, 1, 1, 1, 1, 1, 1, 1, 1, 1, 1, 1, 1, 1, 1, 1]","[0, 1, 1, 1, 1, 0, 1, 1, 0, 1, 1, 1, 1, 1, 0, 1, 1, 1, 1, 1]","['musician', 'musicianLabel', 'genderLabel', 'birthDate', 'cityLabel', 'familyNameLabel', 'givenNameLabel', 'fatherLabel', 'motherLabel', 'partner', 'numberOfChildren', 'genreLabel', 'websiteLabel', 'residenceLabel', 'ethnicityLabel', 'religionLabel', 'activityStart', 'twitterNameLabel', 'geniusNameLabel', 'recordLabelLabel']","['musicianID', 'birthDate', 'webpage', 'familyName', 'musicianName', 'twitterUsername', 'city', 'geniusNameLabel', 'forename', 'spouse', 'recordCompany', 'fatherName', 'motherName', 'residence', 'kind', 'kickoff', 'ethnicity', 'religionLabel', 'NChildren', 'genderType']",0.5714285714285714,0.4,1.0
30595,Wikidata,musicians_unionable,Musicians,70,"[1, 1, 1, 1, 1, 1, 1, 1, 1, 1, 1, 1, 1, 1, 1, 1, 1, 1, 1, 1]","[0, 1, 1, 0, 1, 0, 1, 1, 0, 0, 1, 1, 1, 1, 0, 1, 1, 1, 1, 1]","['musician', 'musicianLabel', 'genderLabel', 'birthDate', 'cityLabel', 'familyNameLabel', 'givenNameLabel', 'fatherLabel', 'motherLabel', 'partner', 'numberOfChildren', 'genreLabel', 'websiteLabel', 'residenceLabel', 'ethnicityLabel', 'religionLabel', 'activityStart', 'twitterNameLabel', 'geniusNameLabel', 'recordLabelLabel']","['musicianID', 'birthDate', 'webpage', 'familyName', 'musicianName', 'twitterUsername', 'city', 'geniusNameLabel', 'forename', 'spouse', 'recordCompany', 'fatherName', 'motherName', 'residence', 'kind', 'kickoff', 'ethnicity', 'religionLabel', 'NChildren', 'genderType']",0.7878787878787878,0.65,1.0
30997,Wikidata,musicians_unionable,Musicians,71,"[1, 1, 1, 1, 1, 1, 1, 1, 1, 1, 1, 1, 1, 1, 1, 1, 1, 1, 1, 1]","[0, 1, 1, 1, 1, 0, 1, 1, 0, 1, 1, 1, 1, 1, 0, 1, 1, 1, 1, 1]","['musician', 'musicianLabel', 'genderLabel', 'birthDate', 'cityLabel', 'familyNameLabel', 'givenNameLabel', 'fatherLabel', 'motherLabel', 'partner', 'numberOfChildren', 'genreLabel', 'websiteLabel', 'residenceLabel', 'ethnicityLabel', 'religionLabel', 'activityStart', 'twitterNameLabel', 'geniusNameLabel', 'recordLabelLabel']","['musicianID', 'birthDate', 'webpage', 'familyName', 'musicianName', 'twitterUsername', 'city', 'geniusNameLabel', 'forename', 'spouse', 'recordCompany', 'fatherName', 'motherName', 'residence', 'kind', 'kickoff', 'ethnicity', 'religionLabel', 'NChildren', 'genderType']",0.5714285714285714,0.4,1.0
31604,Wikidata,musicians_unionable,Musicians,72,"[1, 1, 1, 1, 1, 1, 1, 1, 1, 1, 1, 1, 1, 1, 1, 1, 1, 1, 1, 1]","[0, 1, 1, 0, 1, 0, 1, 1, 0, 1, 1, 1, 1, 1, 1, 1, 1, 1, 1, 1]","['musician', 'musicianLabel', 'genderLabel', 'birthDate', 'cityLabel', 'familyNameLabel', 'givenNameLabel', 'fatherLabel', 'motherLabel', 'partner', 'numberOfChildren', 'genreLabel', 'websiteLabel', 'residenceLabel', 'ethnicityLabel', 'religionLabel', 'activityStart', 'twitterNameLabel', 'geniusNameLabel', 'recordLabelLabel']","['musicianID', 'birthDate', 'webpage', 'familyName', 'musicianName', 'twitterUsername', 'geniusNameLabel', 'city', 'forename', 'spouse', 'recordCompany', 'fatherName', 'motherName', 'residence', 'kind', 'kickoff', 'ethnicity', 'religionLabel', 'NChildren', 'genderType']",0.46153846153846156,0.3,1.0
31974,Wikidata,musicians_unionable,Musicians,73,"[1, 1, 1, 1, 1, 1, 1, 1, 1, 1, 1, 1, 1, 1, 1, 1, 1, 1, 1, 1]","[0, 1, 1, 1, 1, 0, 1, 1, 0, 1, 1, 1, 1, 1, 0, 1, 1, 1, 1, 1]","['musician', 'musicianLabel', 'genderLabel', 'birthDate', 'cityLabel', 'familyNameLabel', 'givenNameLabel', 'fatherLabel', 'motherLabel', 'partner', 'numberOfChildren', 'genreLabel', 'websiteLabel', 'residenceLabel', 'ethnicityLabel', 'religionLabel', 'activityStart', 'twitterNameLabel', 'geniusNameLabel', 'recordLabelLabel']","['musicianID', 'birthDate', 'webpage', 'familyName', 'musicianName', 'twitterUsername', 'city', 'geniusNameLabel', 'forename', 'spouse', 'recordCompany', 'fatherName', 'motherName', 'residence', 'kind', 'kickoff', 'ethnicity', 'religionLabel', 'NChildren', 'genderType']",0.75,0.6,1.0
32281,Wikidata,musicians_unionable,Musicians,74,"[1, 1, 1, 1, 1, 1, 1, 1, 1, 1, 1, 1, 1, 1, 1, 1, 1, 1, 1, 1]","[0, 1, 1, 0, 1, 0, 1, 1, 0, 0, 1, 1, 1, 1, 0, 1, 1, 1, 1, 1]","['musician', 'musicianLabel', 'genderLabel', 'birthDate', 'cityLabel', 'familyNameLabel', 'givenNameLabel', 'fatherLabel', 'motherLabel', 'partner', 'numberOfChildren', 'genreLabel', 'websiteLabel', 'residenceLabel', 'ethnicityLabel', 'religionLabel', 'activityStart', 'twitterNameLabel', 'geniusNameLabel', 'recordLabelLabel']","['musicianID', 'birthDate', 'webpage', 'familyName', 'musicianName', 'twitterUsername', 'city', 'geniusNameLabel', 'forename', 'spouse', 'recordCompany', 'fatherName', 'motherName', 'residence', 'kind', 'kickoff', 'ethnicity', 'religionLabel', 'NChildren', 'genderType']",0.3333333333333333,0.2,1.0
32539,Wikidata,musicians_unionable,Musicians,75,"[1, 1, 1, 1, 1, 1, 1, 1, 1, 1, 1, 1, 1, 1, 1, 1, 1, 1, 1, 1]","[0, 1, 1, 1, 1, 0, 1, 1, 0, 1, 1, 1, 1, 1, 0, 1, 1, 1, 1, 1]","['musician', 'musicianLabel', 'genderLabel', 'birthDate', 'cityLabel', 'familyNameLabel', 'givenNameLabel', 'fatherLabel', 'motherLabel', 'partner', 'numberOfChildren', 'genreLabel', 'websiteLabel', 'residenceLabel', 'ethnicityLabel', 'religionLabel', 'activityStart', 'twitterNameLabel', 'geniusNameLabel', 'recordLabelLabel']","['musicianID', 'birthDate', 'webpage', 'familyName', 'musicianName', 'twitterUsername', 'city', 'geniusNameLabel', 'forename', 'spouse', 'recordCompany', 'fatherName', 'motherName', 'residence', 'kind', 'kickoff', 'ethnicity', 'religionLabel', 'NChildren', 'genderType']",0.7096774193548387,0.55,1.0
33033,Wikidata,musicians_unionable,Musicians,76,"[1, 1, 1, 1, 1, 1, 1, 1, 1, 1, 1, 1, 1, 1, 1, 1, 1, 1, 1, 1]","[0, 1, 1, 0, 1, 0, 1, 1, 0, 0, 1, 1, 1, 1, 0, 1, 1, 1, 1, 1]","['musician', 'musicianLabel', 'genderLabel', 'birthDate', 'cityLabel', 'familyNameLabel', 'givenNameLabel', 'fatherLabel', 'motherLabel', 'partner', 'numberOfChildren', 'genreLabel', 'websiteLabel', 'residenceLabel', 'ethnicityLabel', 'religionLabel', 'activityStart', 'twitterNameLabel', 'geniusNameLabel', 'recordLabelLabel']","['musicianID', 'birthDate', 'webpage', 'familyName', 'musicianName', 'twitterUsername', 'city', 'geniusNameLabel', 'forename', 'spouse', 'recordCompany', 'fatherName', 'motherName', 'residence', 'kind', 'kickoff', 'ethnicity', 'religionLabel', 'NChildren', 'genderType']",0.4,0.25,1.0
33694,Wikidata,musicians_unionable,Musicians,77,"[1, 1, 1, 1, 1, 1, 1, 1, 1, 1, 1, 1, 1, 1, 1, 1, 1, 1, 1, 1]","[0, 1, 1, 1, 1, 0, 1, 1, 0, 1, 1, 1, 1, 1, 0, 1, 1, 1, 1, 1]","['musician', 'musicianLabel', 'genderLabel', 'birthDate', 'cityLabel', 'familyNameLabel', 'givenNameLabel', 'fatherLabel', 'motherLabel', 'partner', 'numberOfChildren', 'genreLabel', 'websiteLabel', 'residenceLabel', 'ethnicityLabel', 'religionLabel', 'activityStart', 'twitterNameLabel', 'geniusNameLabel', 'recordLabelLabel']","['musicianID', 'birthDate', 'webpage', 'familyName', 'musicianName', 'twitterUsername', 'city', 'geniusNameLabel', 'forename', 'spouse', 'recordCompany', 'fatherName', 'motherName', 'residence', 'kind', 'kickoff', 'ethnicity', 'religionLabel', 'NChildren', 'genderType']",0.6666666666666666,0.5,1.0
33868,Wikidata,musicians_unionable,Musicians,78,"[1, 1, 1, 1, 1, 1, 1, 1, 1, 1, 1, 1, 1, 1, 1, 1, 1, 1, 1, 1]","[0, 1, 1, 0, 1, 0, 1, 1, 0, 0, 1, 1, 1, 1, 0, 1, 1, 1, 1, 1]","['musician', 'musicianLabel', 'genderLabel', 'birthDate', 'cityLabel', 'familyNameLabel', 'givenNameLabel', 'fatherLabel', 'motherLabel', 'partner', 'numberOfChildren', 'genreLabel', 'websiteLabel', 'residenceLabel', 'ethnicityLabel', 'religionLabel', 'activityStart', 'twitterNameLabel', 'geniusNameLabel', 'recordLabelLabel']","['musicianID', 'birthDate', 'webpage', 'familyName', 'musicianName', 'twitterUsername', 'city', 'geniusNameLabel', 'forename', 'spouse', 'recordCompany', 'fatherName', 'motherName', 'residence', 'kind', 'kickoff', 'ethnicity', 'religionLabel', 'NChildren', 'genderType']",0.6206896551724138,0.45,1.0
34328,Wikidata,musicians_unionable,Musicians,79,"[1, 1, 1, 1, 1, 1, 1, 1, 1, 1, 1, 1, 1, 1, 1, 1, 1, 1, 1, 1]","[0, 1, 1, 1, 1, 0, 1, 1, 0, 1, 1, 1, 1, 1, 0, 1, 1, 1, 1, 1]","['musician', 'musicianLabel', 'genderLabel', 'birthDate', 'cityLabel', 'familyNameLabel', 'givenNameLabel', 'fatherLabel', 'motherLabel', 'partner', 'numberOfChildren', 'genreLabel', 'websiteLabel', 'residenceLabel', 'ethnicityLabel', 'religionLabel', 'activityStart', 'twitterNameLabel', 'geniusNameLabel', 'recordLabelLabel']","['musicianID', 'birthDate', 'webpage', 'familyName', 'musicianName', 'twitterUsername', 'geniusNameLabel', 'city', 'forename', 'spouse', 'recordCompany', 'fatherName', 'motherName', 'residence', 'kind', 'kickoff', 'ethnicity', 'religionLabel', 'NChildren', 'genderType']",0.3333333333333333,0.2,1.0
34879,Wikidata,musicians_unionable,Musicians,80,"[1, 1, 1, 1, 1, 1, 1, 1, 1, 1, 1, 1, 1, 1, 1, 1, 1, 1, 1, 1]","[0, 1, 1, 1, 1, 0, 1, 1, 0, 1, 1, 1, 1, 1, 1, 1, 1, 1, 1, 1]","['musician', 'musicianLabel', 'genderLabel', 'birthDate', 'cityLabel', 'familyNameLabel', 'givenNameLabel', 'fatherLabel', 'motherLabel', 'partner', 'numberOfChildren', 'genreLabel', 'websiteLabel', 'residenceLabel', 'ethnicityLabel', 'religionLabel', 'activityStart', 'twitterNameLabel', 'geniusNameLabel', 'recordLabelLabel']","['musicianID', 'birthDate', 'webpage', 'familyName', 'musicianName', 'twitterUsername', 'city', 'geniusNameLabel', 'forename', 'spouse', 'recordCompany', 'fatherName', 'motherName', 'residence', 'kind', 'kickoff', 'ethnicity', 'religionLabel', 'NChildren', 'genderType']",0.7878787878787878,0.65,1.0
35214,Wikidata,musicians_unionable,Musicians,81,"[1, 1, 1, 1, 1, 1, 1, 1, 1, 1, 1, 1, 1, 1, 1, 1, 1, 1, 1, 1]","[0, 1, 1, 1, 1, 0, 1, 1, 0, 1, 1, 1, 1, 1, 0, 1, 1, 1, 1, 1]","['musician', 'musicianLabel', 'genderLabel', 'birthDate', 'cityLabel', 'familyNameLabel', 'givenNameLabel', 'fatherLabel', 'motherLabel', 'partner', 'numberOfChildren', 'genreLabel', 'websiteLabel', 'residenceLabel', 'ethnicityLabel', 'religionLabel', 'activityStart', 'twitterNameLabel', 'geniusNameLabel', 'recordLabelLabel']","['musicianID', 'birthDate', 'webpage', 'familyName', 'musicianName', 'twitterUsername', 'city', 'geniusNameLabel', 'forename', 'spouse', 'recordCompany', 'fatherName', 'motherName', 'residence', 'kind', 'kickoff', 'ethnicity', 'religionLabel', 'NChildren', 'genderType']",0.5185185185185185,0.35,1.0
35860,Wikidata,musicians_unionable,Musicians,82,"[1, 1, 1, 1, 1, 1, 1, 1, 1, 1, 1, 1, 1, 1, 1, 1, 1, 1, 1, 1]","[0, 1, 1, 0, 1, 0, 1, 1, 0, 0, 1, 1, 1, 1, 0, 1, 1, 1, 1, 1]","['musician', 'musicianLabel', 'genderLabel', 'birthDate', 'cityLabel', 'familyNameLabel', 'givenNameLabel', 'fatherLabel', 'motherLabel', 'partner', 'numberOfChildren', 'genreLabel', 'websiteLabel', 'residenceLabel', 'ethnicityLabel', 'religionLabel', 'activityStart', 'twitterNameLabel', 'geniusNameLabel', 'recordLabelLabel']","['musicianID', 'birthDate', 'webpage', 'familyName', 'musicianName', 'twitterUsername', 'city', 'geniusNameLabel', 'forename', 'spouse', 'recordCompany', 'fatherName', 'motherName', 'residence', 'kind', 'kickoff', 'ethnicity', 'religionLabel', 'NChildren', 'genderType']",0.4,0.25,1.0
36299,Wikidata,musicians_unionable,Musicians,83,"[1, 1, 1, 1, 1, 1, 1, 1, 1, 1, 1, 1, 1, 1, 1, 1, 1, 1, 1, 1]","[0, 1, 1, 1, 1, 0, 1, 1, 0, 1, 1, 1, 1, 1, 0, 1, 1, 1, 1, 1]","['musician', 'musicianLabel', 'genderLabel', 'birthDate', 'cityLabel', 'familyNameLabel', 'givenNameLabel', 'fatherLabel', 'motherLabel', 'partner', 'numberOfChildren', 'genreLabel', 'websiteLabel', 'residenceLabel', 'ethnicityLabel', 'religionLabel', 'activityStart', 'twitterNameLabel', 'geniusNameLabel', 'recordLabelLabel']","['musicianID', 'birthDate', 'webpage', 'familyName', 'musicianName', 'twitterUsername', 'city', 'geniusNameLabel', 'forename', 'spouse', 'recordCompany', 'fatherName', 'motherName', 'residence', 'kind', 'kickoff', 'ethnicity', 'religionLabel', 'NChildren', 'genderType']",0.5714285714285714,0.4,1.0
36662,Wikidata,musicians_unionable,Musicians,84,"[1, 1, 1, 1, 1, 1, 1, 1, 1, 1, 1, 1, 1, 1, 1, 1, 1, 1, 1, 1]","[0, 1, 1, 0, 1, 0, 1, 1, 0, 0, 1, 1, 1, 1, 0, 1, 1, 1, 1, 1]","['musician', 'musicianLabel', 'genderLabel', 'birthDate', 'cityLabel', 'familyNameLabel', 'givenNameLabel', 'fatherLabel', 'motherLabel', 'partner', 'numberOfChildren', 'genreLabel', 'websiteLabel', 'residenceLabel', 'ethnicityLabel', 'religionLabel', 'activityStart', 'twitterNameLabel', 'geniusNameLabel', 'recordLabelLabel']","['musicianID', 'birthDate', 'webpage', 'familyName', 'musicianName', 'twitterUsername', 'city', 'geniusNameLabel', 'forename', 'spouse', 'recordCompany', 'fatherName', 'motherName', 'residence', 'kind', 'kickoff', 'ethnicity', 'religionLabel', 'NChildren', 'genderType']",0.46153846153846156,0.3,1.0
36982,Wikidata,musicians_unionable,Musicians,85,"[1, 1, 1, 1, 1, 1, 1, 1, 1, 1, 1, 1, 1, 1, 1, 1, 1, 1, 1, 1]","[0, 1, 1, 1, 1, 0, 1, 1, 0, 1, 1, 1, 1, 1, 0, 1, 1, 1, 1, 1]","['musician', 'musicianLabel', 'genderLabel', 'birthDate', 'cityLabel', 'familyNameLabel', 'givenNameLabel', 'fatherLabel', 'motherLabel', 'partner', 'numberOfChildren', 'genreLabel', 'websiteLabel', 'residenceLabel', 'ethnicityLabel', 'religionLabel', 'activityStart', 'twitterNameLabel', 'geniusNameLabel', 'recordLabelLabel']","['musicianID', 'birthDate', 'webpage', 'familyName', 'musicianName', 'twitterUsername', 'city', 'geniusNameLabel', 'forename', 'spouse', 'recordCompany', 'fatherName', 'motherName', 'residence', 'kind', 'kickoff', 'ethnicity', 'religionLabel', 'NChildren', 'genderType']",0.6666666666666666,0.5,1.0
37347,Wikidata,musicians_unionable,Musicians,86,"[1, 1, 1, 1, 1, 1, 1, 1, 1, 1, 1, 1, 1, 1, 1, 1, 1, 1, 1, 1]","[0, 1, 1, 0, 1, 0, 1, 1, 0, 0, 1, 1, 1, 1, 0, 1, 1, 1, 1, 1]","['musician', 'musicianLabel', 'genderLabel', 'birthDate', 'cityLabel', 'familyNameLabel', 'givenNameLabel', 'fatherLabel', 'motherLabel', 'partner', 'numberOfChildren', 'genreLabel', 'websiteLabel', 'residenceLabel', 'ethnicityLabel', 'religionLabel', 'activityStart', 'twitterNameLabel', 'geniusNameLabel', 'recordLabelLabel']","['musicianID', 'birthDate', 'webpage', 'familyName', 'musicianName', 'twitterUsername', 'city', 'geniusNameLabel', 'forename', 'spouse', 'recordCompany', 'fatherName', 'motherName', 'residence', 'kind', 'kickoff', 'ethnicity', 'religionLabel', 'NChildren', 'genderType']",0.2608695652173913,0.15,1.0
37837,Wikidata,musicians_unionable,Musicians,87,"[1, 1, 1, 1, 1, 1, 1, 1, 1, 1, 1, 1, 1, 1, 1, 1, 1, 1, 1, 1]","[0, 1, 1, 1, 1, 0, 1, 1, 0, 1, 1, 1, 1, 1, 0, 1, 1, 1, 1, 1]","['musician', 'musicianLabel', 'genderLabel', 'birthDate', 'cityLabel', 'familyNameLabel', 'givenNameLabel', 'fatherLabel', 'motherLabel', 'partner', 'numberOfChildren', 'genreLabel', 'websiteLabel', 'residenceLabel', 'ethnicityLabel', 'religionLabel', 'activityStart', 'twitterNameLabel', 'geniusNameLabel', 'recordLabelLabel']","['musicianID', 'birthDate', 'webpage', 'familyName', 'musicianName', 'twitterUsername', 'geniusNameLabel', 'city', 'forename', 'spouse', 'recordCompany', 'fatherName', 'motherName', 'residence', 'kind', 'kickoff', 'ethnicity', 'religionLabel', 'NChildren', 'genderType']",0.7096774193548387,0.55,1.0
38211,Wikidata,musicians_unionable,Musicians,88,"[1, 1, 1, 1, 1, 1, 1, 1, 1, 1, 1, 1, 1, 1, 1, 1, 1, 1, 1, 1]","[0, 1, 1, 0, 1, 0, 1, 1, 0, 1, 1, 1, 1, 1, 1, 1, 1, 1, 1, 1]","['musician', 'musicianLabel', 'genderLabel', 'birthDate', 'cityLabel', 'familyNameLabel', 'givenNameLabel', 'fatherLabel', 'motherLabel', 'partner', 'numberOfChildren', 'genreLabel', 'websiteLabel', 'residenceLabel', 'ethnicityLabel', 'religionLabel', 'activityStart', 'twitterNameLabel', 'geniusNameLabel', 'recordLabelLabel']","['musicianID', 'birthDate', 'webpage', 'familyName', 'musicianName', 'twitterUsername', 'city', 'geniusNameLabel', 'forename', 'spouse', 'recordCompany', 'fatherName', 'motherName', 'residence', 'kind', 'kickoff', 'ethnicity', 'religionLabel', 'NChildren', 'genderType']",0.46153846153846156,0.3,1.0
38652,Wikidata,musicians_unionable,Musicians,89,"[1, 1, 1, 1, 1, 1, 1, 1, 1, 1, 1, 1, 1, 1, 1, 1, 1, 1, 1, 1]","[0, 1, 1, 1, 1, 0, 1, 1, 0, 1, 1, 1, 1, 1, 0, 1, 1, 1, 1, 1]","['musician', 'musicianLabel', 'genderLabel', 'birthDate', 'cityLabel', 'familyNameLabel', 'givenNameLabel', 'fatherLabel', 'motherLabel', 'partner', 'numberOfChildren', 'genreLabel', 'websiteLabel', 'residenceLabel', 'ethnicityLabel', 'religionLabel', 'activityStart', 'twitterNameLabel', 'geniusNameLabel', 'recordLabelLabel']","['musicianID', 'birthDate', 'webpage', 'familyName', 'musicianName', 'twitterUsername', 'city', 'geniusNameLabel', 'forename', 'spouse', 'recordCompany', 'fatherName', 'motherName', 'residence', 'kind', 'kickoff', 'ethnicity', 'religionLabel', 'NChildren', 'genderType']",0.7096774193548387,0.55,1.0
39343,Wikidata,musicians_unionable,Musicians,90,"[1, 1, 1, 1, 1, 1, 1, 1, 1, 1, 1, 1, 1, 1, 1, 1, 1, 1, 1, 1]","[0, 1, 1, 0, 1, 0, 1, 1, 0, 0, 1, 1, 1, 1, 0, 1, 1, 1, 1, 1]","['musician', 'musicianLabel', 'genderLabel', 'birthDate', 'cityLabel', 'familyNameLabel', 'givenNameLabel', 'fatherLabel', 'motherLabel', 'partner', 'numberOfChildren', 'genreLabel', 'websiteLabel', 'residenceLabel', 'ethnicityLabel', 'religionLabel', 'activityStart', 'twitterNameLabel', 'geniusNameLabel', 'recordLabelLabel']","['musicianID', 'birthDate', 'webpage', 'familyName', 'musicianName', 'twitterUsername', 'city', 'geniusNameLabel', 'forename', 'spouse', 'recordCompany', 'fatherName', 'motherName', 'residence', 'kind', 'kickoff', 'ethnicity', 'religionLabel', 'NChildren', 'genderType']",0.7096774193548387,0.55,1.0
39470,Wikidata,musicians_unionable,Musicians,91,"[1, 1, 1, 1, 1, 1, 1, 1, 1, 1, 1, 1, 1, 1, 1, 1, 1, 1, 1, 1]","[0, 1, 1, 1, 1, 0, 1, 1, 0, 1, 1, 1, 1, 1, 0, 1, 1, 1, 1, 1]","['musician', 'musicianLabel', 'genderLabel', 'birthDate', 'cityLabel', 'familyNameLabel', 'givenNameLabel', 'fatherLabel', 'motherLabel', 'partner', 'numberOfChildren', 'genreLabel', 'websiteLabel', 'residenceLabel', 'ethnicityLabel', 'religionLabel', 'activityStart', 'twitterNameLabel', 'geniusNameLabel', 'recordLabelLabel']","['musicianID', 'birthDate', 'webpage', 'familyName', 'musicianName', 'twitterUsername', 'city', 'geniusNameLabel', 'forename', 'spouse', 'recordCompany', 'fatherName', 'motherName', 'residence', 'kind', 'kickoff', 'ethnicity', 'religionLabel', 'NChildren', 'genderType']",0.5185185185185185,0.35,1.0
39965,Wikidata,musicians_unionable,Musicians,92,"[1, 1, 1, 1, 1, 1, 1, 1, 1, 1, 1, 1, 1, 1, 1, 1, 1, 1, 1, 1]","[0, 1, 1, 0, 1, 0, 1, 1, 0, 0, 1, 1, 1, 1, 0, 1, 1, 1, 1, 1]","['musician', 'musicianLabel', 'genderLabel', 'birthDate', 'cityLabel', 'familyNameLabel', 'givenNameLabel', 'fatherLabel', 'motherLabel', 'partner', 'numberOfChildren', 'genreLabel', 'websiteLabel', 'residenceLabel', 'ethnicityLabel', 'religionLabel', 'activityStart', 'twitterNameLabel', 'geniusNameLabel', 'recordLabelLabel']","['musicianID', 'birthDate', 'webpage', 'familyName', 'musicianName', 'twitterUsername', 'city', 'geniusNameLabel', 'forename', 'spouse', 'recordCompany', 'fatherName', 'motherName', 'residence', 'kind', 'kickoff', 'ethnicity', 'religionLabel', 'NChildren', 'genderType']",0.5714285714285714,0.4,1.0
40547,Wikidata,musicians_unionable,Musicians,93,"[1, 1, 1, 1, 1, 1, 1, 1, 1, 1, 1, 1, 1, 1, 1, 1, 1, 1, 1, 1]","[0, 1, 1, 1, 1, 0, 1, 1, 0, 1, 1, 1, 1, 1, 0, 1, 1, 1, 1, 1]","['musician', 'musicianLabel', 'genderLabel', 'birthDate', 'cityLabel', 'familyNameLabel', 'givenNameLabel', 'fatherLabel', 'motherLabel', 'partner', 'numberOfChildren', 'genreLabel', 'websiteLabel', 'residenceLabel', 'ethnicityLabel', 'religionLabel', 'activityStart', 'twitterNameLabel', 'geniusNameLabel', 'recordLabelLabel']","['musicianID', 'birthDate', 'webpage', 'familyName', 'musicianName', 'twitterUsername', 'city', 'geniusNameLabel', 'forename', 'spouse', 'recordCompany', 'fatherName', 'motherName', 'residence', 'kind', 'kickoff', 'ethnicity', 'religionLabel', 'NChildren', 'genderType']",0.3333333333333333,0.2,1.0
41135,Wikidata,musicians_unionable,Musicians,94,"[1, 1, 1, 1, 1, 1, 1, 1, 1, 1, 1, 1, 1, 1, 1, 1, 1, 1, 1, 1]","[0, 1, 1, 0, 1, 0, 1, 1, 0, 0, 1, 1, 1, 1, 0, 1, 1, 1, 1, 1]","['musician', 'musicianLabel', 'genderLabel', 'birthDate', 'cityLabel', 'familyNameLabel', 'givenNameLabel', 'fatherLabel', 'motherLabel', 'partner', 'numberOfChildren', 'genreLabel', 'websiteLabel', 'residenceLabel', 'ethnicityLabel', 'religionLabel', 'activityStart', 'twitterNameLabel', 'geniusNameLabel', 'recordLabelLabel']","['musicianID', 'birthDate', 'webpage', 'familyName', 'musicianName', 'twitterUsername', 'city', 'geniusNameLabel', 'forename', 'spouse', 'recordCompany', 'fatherName', 'motherName', 'residence', 'kind', 'kickoff', 'ethnicity', 'religionLabel', 'NChildren', 'genderType']",0.6206896551724138,0.45,1.0
41435,Wikidata,musicians_unionable,Musicians,95,"[1, 1, 1, 1, 1, 1, 1, 1, 1, 1, 1, 1, 1, 1, 1, 1, 1, 1, 1, 1]","[0, 1, 1, 1, 1, 0, 1, 1, 0, 1, 1, 1, 1, 1, 0, 1, 1, 1, 1, 1]","['musician', 'musicianLabel', 'genderLabel', 'birthDate', 'cityLabel', 'familyNameLabel', 'givenNameLabel', 'fatherLabel', 'motherLabel', 'partner', 'numberOfChildren', 'genreLabel', 'websiteLabel', 'residenceLabel', 'ethnicityLabel', 'religionLabel', 'activityStart', 'twitterNameLabel', 'geniusNameLabel', 'recordLabelLabel']","['musicianID', 'birthDate', 'webpage', 'familyName', 'musicianName', 'twitterUsername', 'city', 'geniusNameLabel', 'forename', 'spouse', 'recordCompany', 'fatherName', 'motherName', 'residence', 'kind', 'kickoff', 'ethnicity', 'religionLabel', 'NChildren', 'genderType']",0.18181818181818182,0.1,1.0
